{
    "name": "root",
    "gauges": {
        "MoveToTarget.Policy.Entropy.mean": {
            "value": 1.331254005432129,
            "min": 1.331254005432129,
            "max": 1.331254005432129,
            "count": 1
        },
        "MoveToTarget.Policy.Entropy.sum": {
            "value": 4331.900390625,
            "min": 4331.900390625,
            "max": 4331.900390625,
            "count": 1
        },
        "MoveToTarget.Step.mean": {
            "value": 2997.0,
            "min": 2997.0,
            "max": 2997.0,
            "count": 1
        },
        "MoveToTarget.Step.sum": {
            "value": 2997.0,
            "min": 2997.0,
            "max": 2997.0,
            "count": 1
        },
        "MoveToTarget.Policy.ExtrinsicValueEstimate.mean": {
            "value": 0.33707478642463684,
            "min": 0.33707478642463684,
            "max": 0.33707478642463684,
            "count": 1
        },
        "MoveToTarget.Policy.ExtrinsicValueEstimate.sum": {
            "value": 5.730271339416504,
            "min": 5.730271339416504,
            "max": 5.730271339416504,
            "count": 1
        },
        "MoveToTarget.Environment.EpisodeLength.mean": {
            "value": 341.625,
            "min": 341.625,
            "max": 341.625,
            "count": 1
        },
        "MoveToTarget.Environment.EpisodeLength.sum": {
            "value": 2733.0,
            "min": 2733.0,
            "max": 2733.0,
            "count": 1
        },
        "MoveToTarget.Environment.CumulativeReward.mean": {
            "value": -4.4262498170137405,
            "min": -4.4262498170137405,
            "max": -4.4262498170137405,
            "count": 1
        },
        "MoveToTarget.Environment.CumulativeReward.sum": {
            "value": -35.409998536109924,
            "min": -35.409998536109924,
            "max": -35.409998536109924,
            "count": 1
        },
        "MoveToTarget.Policy.ExtrinsicReward.mean": {
            "value": -4.4262498170137405,
            "min": -4.4262498170137405,
            "max": -4.4262498170137405,
            "count": 1
        },
        "MoveToTarget.Policy.ExtrinsicReward.sum": {
            "value": -35.409998536109924,
            "min": -35.409998536109924,
            "max": -35.409998536109924,
            "count": 1
        },
        "MoveToTarget.IsTraining.mean": {
            "value": 1.0,
            "min": 1.0,
            "max": 1.0,
            "count": 1
        },
        "MoveToTarget.IsTraining.sum": {
            "value": 1.0,
            "min": 1.0,
            "max": 1.0,
            "count": 1
        }
    },
    "metadata": {
        "timer_format_version": "0.1.0",
        "start_time_seconds": "1670461805",
        "python_version": "3.7.15 (default, Nov  9 2022, 10:44:37) [MSC v.1916 64 bit (AMD64)]",
        "command_line_arguments": "C:\\Users\\molna\\anaconda3\\envs\\unity\\Scripts\\mlagents-learn MoveToTarget.yaml --run-id=elvmukszik11",
        "mlagents_version": "0.28.0",
        "mlagents_envs_version": "0.28.0",
        "communication_protocol_version": "1.5.0",
        "pytorch_version": "1.7.1+cu110",
        "numpy_version": "1.21.6",
        "end_time_seconds": "1670461854"
    },
    "total": 49.335482299999995,
    "count": 1,
    "self": 0.013823099999996202,
    "children": {
        "run_training.setup": {
            "total": 0.19184469999999987,
            "count": 1,
            "self": 0.19184469999999987
        },
        "TrainerController.start_learning": {
            "total": 49.1298145,
            "count": 1,
            "self": 0.14588910000021116,
            "children": {
                "TrainerController._reset_env": {
                    "total": 12.1389131,
                    "count": 1,
                    "self": 12.1389131
                },
                "TrainerController.advance": {
                    "total": 36.596073399999796,
                    "count": 4244,
                    "self": 0.07022509999982418,
                    "children": {
                        "env_step": {
                            "total": 36.52584829999997,
                            "count": 4244,
                            "self": 21.643421499999484,
                            "children": {
                                "SubprocessEnvManager._take_step": {
                                    "total": 14.814021800000246,
                                    "count": 4244,
                                    "self": 0.38155670000032416,
                                    "children": {
                                        "TorchPolicy.evaluate": {
                                            "total": 14.432465099999922,
                                            "count": 4244,
                                            "self": 5.662831999999938,
                                            "children": {
                                                "TorchPolicy.sample_actions": {
                                                    "total": 8.769633099999984,
                                                    "count": 4244,
                                                    "self": 8.769633099999984
                                                }
                                            }
                                        }
                                    }
                                },
                                "workers": {
                                    "total": 0.06840500000024008,
                                    "count": 4243,
                                    "self": 0.0,
                                    "children": {
                                        "worker_root": {
                                            "total": 38.35923370000009,
                                            "count": 4243,
                                            "is_parallel": true,
                                            "self": 21.98143940000009,
                                            "children": {
                                                "steps_from_proto": {
                                                    "total": 0.0008137000000001393,
                                                    "count": 1,
                                                    "is_parallel": true,
                                                    "self": 0.00045839999999941483,
                                                    "children": {
                                                        "_process_rank_one_or_two_observation": {
                                                            "total": 0.0003553000000007245,
                                                            "count": 4,
                                                            "is_parallel": true,
                                                            "self": 0.0003553000000007245
                                                        }
                                                    }
                                                },
                                                "UnityEnvironment.step": {
                                                    "total": 16.376980599999996,
                                                    "count": 4243,
                                                    "is_parallel": true,
                                                    "self": 0.46118939999997366,
                                                    "children": {
                                                        "UnityEnvironment._generate_step_input": {
                                                            "total": 0.4051151999999689,
                                                            "count": 4243,
                                                            "is_parallel": true,