{
    "name": "root",
    "gauges": {
        "MoveToTarget.Policy.Entropy.mean": {
            "value": 1.2282297611236572,
            "min": 1.1003831624984741,
            "max": 1.3850977420806885,
            "count": 40
        },
        "MoveToTarget.Policy.Entropy.sum": {
            "value": 2731.5830078125,
            "min": 2098.4306640625,
            "max": 2956.730224609375,
            "count": 40
        },
        "MoveToTarget.Step.mean": {
            "value": 79992.0,
            "min": 1873.0,
            "max": 79992.0,
            "count": 40
        },
        "MoveToTarget.Step.sum": {
            "value": 79992.0,
            "min": 1873.0,
            "max": 79992.0,
            "count": 40
        },
        "MoveToTarget.Policy.ExtrinsicValueEstimate.mean": {
            "value": -0.08769434690475464,
            "min": -0.15158437192440033,
            "max": 1.6685806512832642,
            "count": 40
        },
        "MoveToTarget.Policy.ExtrinsicValueEstimate.sum": {
            "value": -0.964637815952301,
            "min": -1.6674280166625977,
            "max": 16.779369354248047,
            "count": 40
        },
        "MoveToTarget.Environment.EpisodeLength.mean": {
            "value": 491.0,
            "min": 169.0,
            "max": 660.3333333333334,
            "count": 40
        },
        "MoveToTarget.Environment.EpisodeLength.sum": {
            "value": 1964.0,
            "min": 1040.0,
            "max": 2701.0,
            "count": 40
        },
        "MoveToTarget.Environment.CumulativeReward.mean": {
            "value": -4.419999822974205,
            "min": -7.3333330154418945,
            "max": -2.1766665230194726,
            "count": 40
        },
        "MoveToTarget.Environment.CumulativeReward.sum": {
            "value": -17.67999929189682,
            "min": -31.95999801158905,
            "max": -15.42999917268753,
            "count": 40
        },
        "MoveToTarget.Policy.ExtrinsicReward.mean": {
            "value": -4.419999822974205,
            "min": -7.3333330154418945,
            "max": -2.1766665230194726,
            "count": 40
        },
        "MoveToTarget.Policy.ExtrinsicReward.sum": {
            "value": -17.67999929189682,
            "min": -31.95999801158905,
            "max": -15.42999917268753,
            "count": 40
        },
        "MoveToTarget.IsTraining.mean": {
            "value": 1.0,
            "min": 1.0,
            "max": 1.0,
            "count": 40
        },
        "MoveToTarget.IsTraining.sum": {
            "value": 1.0,
            "min": 1.0,
            "max": 1.0,
            "count": 40
        },
        "MoveToTarget.Losses.PolicyLoss.mean": {
            "value": 0.03147597679937327,
            "min": 0.027176020253035758,
            "max": 0.041928298564420804,
            "count": 15
        },
        "MoveToTarget.Losses.PolicyLoss.sum": {
            "value": 0.03147597679937327,
            "min": 0.027176020253035758,
            "max": 0.041928298564420804,
            "count": 15
        },
        "MoveToTarget.Losses.ValueLoss.mean": {
            "value": 0.008461299041906992,
            "min": 0.007676903018727898,
            "max": 0.2664688105384509,
            "count": 15
        },
        "MoveToTarget.Losses.ValueLoss.sum": {
            "value": 0.008461299041906992,
            "min": 0.007676903018727898,
            "max": 0.2664688105384509,
            "count": 15
        },
        "MoveToTarget.Policy.LearningRate.mean": {
            "value": 0.0002769492076836,
            "min": 0.0002769492076836,
            "max": 0.0002984637005121,
            "count": 15
        },
        "MoveToTarget.Policy.LearningRate.sum": {
            "value": 0.0002769492076836,
            "min": 0.0002769492076836,
            "max": 0.0002984637005121,
            "count": 15
        },
        "MoveToTarget.Policy.Epsilon.mean": {
            "value": 0.19231640000000003,
            "min": 0.19231640000000003,
            "max": 0.19948790000000002,
            "count": 15
        },
        "MoveToTarget.Policy.Epsilon.sum": {
            "value": 0.19231640000000003,
            "min": 0.19231640000000003,
            "max": 0.19948790000000002,
            "count": 15
        },
        "MoveToTarget.Policy.Beta.mean": {
            "value": 0.004616588360000001,
            "min": 0.004616588360000001,
            "max": 0.0049744462100000005,
            "count": 15
        },
        "MoveToTarget.Policy.Beta.sum": {
            "value": 0.004616588360000001,
            "min": 0.004616588360000001,
            "max": 0.0049744462100000005,
            "count": 15
        }
    },
    "metadata": {
        "timer_format_version": "0.1.0",
        "start_time_seconds": "1670164584",
        "python_version": "3.7.15 (default, Nov  9 2022, 10:44:37) [MSC v.1916 64 bit (AMD64)]",
        "command_line_arguments": "C:\\Users\\molna\\anaconda3\\envs\\unity\\Scripts\\mlagents-learn MoveToTarget.yaml --run-id=randomtargettest1",
        "mlagents_version": "0.28.0",
        "mlagents_envs_version": "0.28.0",
        "communication_protocol_version": "1.5.0",
        "pytorch_version": "1.7.1+cu110",
        "numpy_version": "1.21.6",
        "end_time_seconds": "1670165200"
    },
    "total": 615.6331676,
    "count": 1,
    "self": 0.00791530000003604,
    "children": {
        "run_training.setup": {
            "total": 0.14684279999999994,
            "count": 1,
            "self": 0.14684279999999994
        },
        "TrainerController.start_learning": {
            "total": 615.4784095,
            "count": 1,
            "self": 2.2874209999918094,
            "children": {
                "TrainerController._reset_env": {
                    "total": 11.3922633,
                    "count": 1,
                    "self": 11.3922633
                },
                "TrainerController.advance": {
                    "total": 601.5731101000082,
                    "count": 80760,
                    "self": 1.233309300015776,
                    "children": {
                        "env_step": {
                            "total": 600.3398007999924,
                            "count": 80760,
                            "self": 302.8786562999982,
                            "children": {
                                "SubprocessEnvManager._take_step": {
                                    "total": 296.2207954999961,
                                    "count": 80760,
                                    "self": 6.383519999991847,
                                    "children": {
                                        "TorchPolicy.evaluate": {
                                            "total": 289.83727550000424,
                                            "count": 80760,
                                            "self": 127.20795569999501,
                                            "children": {
                                                "TorchPolicy.sample_actions": {
                                                    "total": 162.62931980000923,
                                                    "count": 80760,
                                                    "self": 162.62931980000923
                                                }
                                            }
                                        }
                                    }
                                },
                                "workers": {
                                    "total": 1.2403489999980977,
                                    "count": 80759,
                                    "self": 0.0,
                                    "children": {
                                        "worker_root": {
                                            "total": 603.0880597999968,
                                            "count": 80759,