{
    "name": "root",
    "gauges": {
        "MoveToTarget.Policy.Entropy.mean": {
            "value": 1.2333216667175293,
            "min": 1.2314002513885498,
            "max": 1.3107049465179443,
            "count": 23
        },
        "MoveToTarget.Policy.Entropy.sum": {
            "value": 1200.02197265625,
            "min": 1069.4993896484375,
            "max": 1581.279052734375,
            "count": 23
        },
        "MoveToTarget.Step.mean": {
            "value": 22831.0,
            "min": 955.0,
            "max": 22831.0,
            "count": 23
        },
        "MoveToTarget.Step.sum": {
            "value": 22831.0,
            "min": 955.0,
            "max": 22831.0,
            "count": 23
        },
        "MoveToTarget.Policy.ExtrinsicValueEstimate.mean": {
            "value": 0.60602867603302,
            "min": 0.3877987265586853,
            "max": 5.034059047698975,
            "count": 23
        },
        "MoveToTarget.Policy.ExtrinsicValueEstimate.sum": {
            "value": 2.42411470413208,
            "min": 1.5511949062347412,
            "max": 32.46449661254883,
            "count": 23
        },
        "MoveToTarget.Environment.EpisodeLength.mean": {
            "value": 486.5,
            "min": 279.8,
            "max": 499.0,
            "count": 23
        },
        "MoveToTarget.Environment.EpisodeLength.sum": {
            "value": 973.0,
            "min": 661.0,
            "max": 1399.0,
            "count": 23
        },
        "MoveToTarget.Environment.CumulativeReward.mean": {
            "value": -5.725000023841858,
            "min": -6.484999895095825,
            "max": -2.4566664695739746,
            "count": 23
        },
        "MoveToTarget.Environment.CumulativeReward.sum": {
            "value": -11.450000047683716,
            "min": -15.66999864578247,
            "max": -7.359999239444733,
            "count": 23
        },
        "MoveToTarget.Policy.ExtrinsicReward.mean": {
            "value": -5.725000023841858,
            "min": -6.484999895095825,
            "max": -2.4566664695739746,
            "count": 23
        },
        "MoveToTarget.Policy.ExtrinsicReward.sum": {
            "value": -11.450000047683716,
            "min": -15.66999864578247,
            "max": -7.359999239444733,
            "count": 23
        },
        "MoveToTarget.IsTraining.mean": {
            "value": 1.0,
            "min": 1.0,
            "max": 1.0,
            "count": 23
        },
        "MoveToTarget.IsTraining.sum": {
            "value": 1.0,
            "min": 1.0,
            "max": 1.0,
            "count": 23
        },
        "MoveToTarget.Losses.PolicyLoss.mean": {
            "value": 0.035116868551101604,
            "min": 0.035116868551101604,
            "max": 0.03619810424973829,
            "count": 2
        },
        "MoveToTarget.Losses.PolicyLoss.sum": {
            "value": 0.035116868551101604,
            "min": 0.035116868551101604,
            "max": 0.03619810424973829,
            "count": 2
        },
        "MoveToTarget.Losses.ValueLoss.mean": {
            "value": 0.2005247309019691,
            "min": 0.2005247309019691,
            "max": 1.28861846134328,
            "count": 2
        },
        "MoveToTarget.Losses.ValueLoss.sum": {
            "value": 0.2005247309019691,
            "min": 0.2005247309019691,
            "max": 1.28861846134328,
            "count": 2
        },
        "MoveToTarget.Policy.LearningRate.mean": {
            "value": 9.593624063800002e-06,
            "min": 9.593624063800002e-06,
            "max": 9.797902021000002e-06,
            "count": 2
        },
        "MoveToTarget.Policy.LearningRate.sum": {
            "value": 9.593624063800002e-06,
            "min": 9.593624063800002e-06,
            "max": 9.797902021000002e-06,
            "count": 2
        },
        "MoveToTarget.Policy.Epsilon.mean": {
            "value": 0.1959362,
            "min": 0.1959362,
            "max": 0.19797900000000002,
            "count": 2
        },
        "MoveToTarget.Policy.Epsilon.sum": {
            "value": 0.1959362,
            "min": 0.1959362,
            "max": 0.19797900000000002,
            "count": 2
        },
        "MoveToTarget.Policy.Beta.mean": {
            "value": 0.0009597683800000002,
            "min": 0.0009597683800000002,
            "max": 0.0009799921,
            "count": 2
        },
        "MoveToTarget.Policy.Beta.sum": {
            "value": 0.0009597683800000002,
            "min": 0.0009597683800000002,
            "max": 0.0009799921,
            "count": 2
        }
    },
    "metadata": {
        "timer_format_version": "0.1.0",
        "start_time_seconds": "1670451527",
        "python_version": "3.7.15 (default, Nov  9 2022, 10:44:37) [MSC v.1916 64 bit (AMD64)]",
        "command_line_arguments": "C:\\Users\\molna\\anaconda3\\envs\\unity\\Scripts\\mlagents-learn MoveToTarget.yaml --run-id=speedtesting4",
        "mlagents_version": "0.28.0",
        "mlagents_envs_version": "0.28.0",
        "communication_protocol_version": "1.5.0",
        "pytorch_version": "1.7.1+cu110",
        "numpy_version": "1.21.6",
        "end_time_seconds": "1670451726"
    },
    "total": 199.2853943,
    "count": 1,
    "self": 0.009860599999996111,
    "children": {
        "run_training.setup": {
            "total": 0.15484909999999985,
            "count": 1,
            "self": 0.15484909999999985
        },
        "TrainerController.start_learning": {
            "total": 199.1206846,
            "count": 1,
            "self": 0.7419676000014022,
            "children": {
                "TrainerController._reset_env": {
                    "total": 10.013885499999999,
                    "count": 1,
                    "self": 10.013885499999999
                },
                "TrainerController.advance": {
                    "total": 188.22328529999862,
                    "count": 23629,
                    "self": 0.390595799999943,
                    "children": {
                        "env_step": {
                            "total": 187.83268949999868,
                            "count": 23629,
                            "self": 108.41349299999935,
                            "children": {
                                "SubprocessEnvManager._take_step": {
                                    "total": 79.03836060000165,
                                    "count": 23629,
                                    "self": 2.099820000002339,
                                    "children": {
                                        "TorchPolicy.evaluate": {
                                            "total": 76.93854059999931,
                                            "count": 23629,
                                            "self": 29.89452930000015,
                                            "children": {
                                                "TorchPolicy.sample_actions": {
                                                    "total": 47.04401129999916,
                                                    "count": 23629,
                                                    "self": 47.04401129999916
                                                }
                                            }
                                        }
                                    }
                                },
                                "workers": {
                                    "total": 0.38083589999767753,
                                    "count": 23628,
                                    "self": 0.0,
                                    "children": {
                                        "worker_root": {
                                            "total": 189.78434760000147,
                                            "count": 23628,
                                            "is_parallel": true,