{
    "name": "root",
    "gauges": {
        "MoveToTarget.Policy.Entropy.mean": {
            "value": 1.3049428462982178,
            "min": 1.3049428462982178,
            "max": 1.3182226419448853,
            "count": 4
        },
        "MoveToTarget.Policy.Entropy.sum": {
            "value": 2616.410400390625,
            "min": 2541.388427734375,
            "max": 2882.20751953125,
            "count": 4
        },
        "MoveToTarget.Step.mean": {
            "value": 7958.0,
            "min": 1814.0,
            "max": 7958.0,
            "count": 4
        },
        "MoveToTarget.Step.sum": {
            "value": 7958.0,
            "min": 1814.0,
            "max": 7958.0,
            "count": 4
        },
        "MoveToTarget.Policy.ExtrinsicValueEstimate.mean": {
            "value": -0.291422039270401,
            "min": -0.32700008153915405,
            "max": -0.1748594045639038,
            "count": 4
        },
        "MoveToTarget.Policy.ExtrinsicValueEstimate.sum": {
            "value": -2.9142203330993652,
            "min": -3.59700083732605,
            "max": -1.748594045639038,
            "count": 4
        },
        "MoveToTarget.Environment.EpisodeLength.mean": {
            "value": 582.0,
            "min": 361.8,
            "max": 614.25,
            "count": 4
        },
        "MoveToTarget.Environment.EpisodeLength.sum": {
            "value": 1746.0,
            "min": 1675.0,
            "max": 2457.0,
            "count": 4
        },
        "MoveToTarget.Environment.CumulativeReward.mean": {
            "value": -6.829999804496765,
            "min": -6.829999804496765,
            "max": -4.527999782562256,
            "count": 4
        },
        "MoveToTarget.Environment.CumulativeReward.sum": {
            "value": -20.489999413490295,
            "min": -25.10999882221222,
            "max": -17.2799990773201,
            "count": 4
        },
        "MoveToTarget.Policy.ExtrinsicReward.mean": {
            "value": -6.829999804496765,
            "min": -6.829999804496765,
            "max": -4.527999782562256,
            "count": 4
        },
        "MoveToTarget.Policy.ExtrinsicReward.sum": {
            "value": -20.489999413490295,
            "min": -25.10999882221222,
            "max": -17.2799990773201,
            "count": 4
        },
        "MoveToTarget.IsTraining.mean": {
            "value": 1.0,
            "min": 1.0,
            "max": 1.0,
            "count": 4
        },
        "MoveToTarget.IsTraining.sum": {
            "value": 1.0,
            "min": 1.0,
            "max": 1.0,
            "count": 4
        }
    },
    "metadata": {
        "timer_format_version": "0.1.0",
        "start_time_seconds": "1670437981",
        "python_version": "3.7.15 (default, Nov  9 2022, 10:44:37) [MSC v.1916 64 bit (AMD64)]",
        "command_line_arguments": "C:\\Users\\molna\\anaconda3\\envs\\unity\\Scripts\\mlagents-learn MoveToTarget.yaml --run-id=restored2",
        "mlagents_version": "0.28.0",
        "mlagents_envs_version": "0.28.0",
        "communication_protocol_version": "1.5.0",
        "pytorch_version": "1.7.1+cu110",
        "numpy_version": "1.21.6",
        "end_time_seconds": "1670438069"
    },
    "total": 87.7072589,
    "count": 1,
    "self": 0.011401399999996897,
    "children": {
        "run_training.setup": {
            "total": 0.15901850000000017,
            "count": 1,
            "self": 0.15901850000000017
        },
        "TrainerController.start_learning": {
            "total": 87.536839,
            "count": 1,
            "self": 0.28182179999939194,
            "children": {
                "TrainerController._reset_env": {
                    "total": 25.8508674,
                    "count": 1,
                    "self": 25.8508674
                },
                "TrainerController.advance": {
                    "total": 61.2721032000006,
                    "count": 9024,
                    "self": 0.1373678000007601,
                    "children": {
                        "env_step": {
                            "total": 61.13473539999984,
                            "count": 9024,
                            "self": 33.69707179999867,
                            "children": {
                                "SubprocessEnvManager._take_step": {
                                    "total": 27.298965900000603,
                                    "count": 9024,
                                    "self": 0.7122941000005909,
                                    "children": {
                                        "TorchPolicy.evaluate": {
                                            "total": 26.586671800000012,
                                            "count": 9024,
                                            "self": 10.475337000000199,
                                            "children": {
                                                "TorchPolicy.sample_actions": {
                                                    "total": 16.111334799999813,
                                                    "count": 9024,
                                                    "self": 16.111334799999813
                                                }
                                            }
                                        }
                                    }
                                },
                                "workers": {
                                    "total": 0.13869770000056647,
                                    "count": 9023,
                                    "self": 0.0,
                                    "children": {
                                        "worker_root": {
                                            "total": 62.91343970000027,
                                            "count": 9023,
                                            "is_parallel": true,
                                            "self": 39.32981689999991,
                                            "children": {
                                                "steps_from_proto": {
                                                    "total": 0.0006345000000003154,
                                                    "count": 1,
                                                    "is_parallel": true,
                                                    "self": 0.00035379999999918255,
                                                    "children": {
                                                        "_process_rank_one_or_two_observation": {
                                                            "total": 0.0002807000000011328,
                                                            "count": 4,
                                                            "is_parallel": true,
                                                            "self": 0.0002807000000011328
                                                        }
                                                    }
                                                },
                                                "UnityEnvironment.step": {
                                                    "total": 23.58298830000036,
                                                    "count": 9023,
                                                    "is_parallel": true,
                                                    "self": 0.9085295000005651,
                                                    "children": {
                                                        "UnityEnvironment._generate_step_input": {
                                                            "total": 0.8025139999998636,
                                                            "count": 9023,
                                                            "is_parallel": true,