{
    "name": "root",
    "gauges": {
        "MoveToTarget.Policy.Entropy.mean": {
            "value": 1.3575377464294434,
            "min": 1.3495841026306152,
            "max": 1.3611586093902588,
            "count": 5
        },
        "MoveToTarget.Policy.Entropy.sum": {
            "value": 2660.77392578125,
            "min": 2660.77392578125,
            "max": 2741.37353515625,
            "count": 5
        },
        "MoveToTarget.Environment.EpisodeLength.mean": {
            "value": 21.790697674418606,
            "min": 11.059880239520957,
            "max": 21.790697674418606,
            "count": 5
        },
        "MoveToTarget.Environment.EpisodeLength.sum": {
            "value": 1874.0,
            "min": 1847.0,
            "max": 1926.0,
            "count": 5
        },
        "MoveToTarget.Step.mean": {
            "value": 9967.0,
            "min": 1991.0,
            "max": 9967.0,
            "count": 5
        },
        "MoveToTarget.Step.sum": {
            "value": 9967.0,
            "min": 1991.0,
            "max": 9967.0,
            "count": 5
        },
        "MoveToTarget.Policy.ExtrinsicValueEstimate.mean": {
            "value": -0.879024088382721,
            "min": -2.068991184234619,
            "max": -0.8452863693237305,
            "count": 5
        },
        "MoveToTarget.Policy.ExtrinsicValueEstimate.sum": {
            "value": -75.5960693359375,
            "min": -343.4525451660156,
            "max": -75.5960693359375,
            "count": 5
        },
        "MoveToTarget.Environment.CumulativeReward.mean": {
            "value": -1.2494185594625251,
            "min": -1.2494185594625251,
            "max": -1.1199397258011692,
            "count": 5
        },
        "MoveToTarget.Environment.CumulativeReward.sum": {
            "value": -107.44999611377716,
            "min": -185.90999448299408,
            "max": -107.44999611377716,
            "count": 5
        },
        "MoveToTarget.Policy.ExtrinsicReward.mean": {
            "value": -1.2494185594625251,
            "min": -1.2494185594625251,
            "max": -1.1199397258011692,
            "count": 5
        },
        "MoveToTarget.Policy.ExtrinsicReward.sum": {
            "value": -107.44999611377716,
            "min": -185.90999448299408,
            "max": -107.44999611377716,
            "count": 5
        },
        "MoveToTarget.IsTraining.mean": {
            "value": 1.0,
            "min": 1.0,
            "max": 1.0,
            "count": 5
        },
        "MoveToTarget.IsTraining.sum": {
            "value": 1.0,
            "min": 1.0,
            "max": 1.0,
            "count": 5
        },
        "MoveToTarget.Losses.PolicyLoss.mean": {
            "value": 0.027729616086516116,
            "min": 0.027729616086516116,
            "max": 0.027729616086516116,
            "count": 1
        },
        "MoveToTarget.Losses.PolicyLoss.sum": {
            "value": 0.027729616086516116,
            "min": 0.027729616086516116,
            "max": 0.027729616086516116,
            "count": 1
        },
        "MoveToTarget.Losses.ValueLoss.mean": {
            "value": 0.49678417488380716,
            "min": 0.49678417488380716,
            "max": 0.49678417488380716,
            "count": 1
        },
        "MoveToTarget.Losses.ValueLoss.sum": {
            "value": 0.49678417488380716,
            "min": 0.49678417488380716,
            "max": 0.49678417488380716,
            "count": 1
        },
        "MoveToTarget.Policy.LearningRate.mean": {
            "value": 0.00029849280050239996,
            "min": 0.00029849280050239996,
            "max": 0.00029849280050239996,
            "count": 1
        },
        "MoveToTarget.Policy.LearningRate.sum": {
            "value": 0.00029849280050239996,
            "min": 0.00029849280050239996,
            "max": 0.00029849280050239996,
            "count": 1
        },
        "MoveToTarget.Policy.Epsilon.mean": {
            "value": 0.1994976,
            "min": 0.1994976,
            "max": 0.1994976,
            "count": 1
        },
        "MoveToTarget.Policy.Epsilon.sum": {
            "value": 0.1994976,
            "min": 0.1994976,
            "max": 0.1994976,
            "count": 1
        },
        "MoveToTarget.Policy.Beta.mean": {
            "value": 0.004974930240000001,
            "min": 0.004974930240000001,
            "max": 0.004974930240000001,
            "count": 1
        },
        "MoveToTarget.Policy.Beta.sum": {
            "value": 0.004974930240000001,
            "min": 0.004974930240000001,
            "max": 0.004974930240000001,
            "count": 1
        }
    },
    "metadata": {
        "timer_format_version": "0.1.0",
        "start_time_seconds": "1670163381",
        "python_version": "3.7.15 (default, Nov  9 2022, 10:44:37) [MSC v.1916 64 bit (AMD64)]",
        "command_line_arguments": "C:\\Users\\molna\\anaconda3\\envs\\unity\\Scripts\\mlagents-learn MoveToTarget.yaml --run-id=targetcollc6",
        "mlagents_version": "0.28.0",
        "mlagents_envs_version": "0.28.0",
        "communication_protocol_version": "1.5.0",
        "pytorch_version": "1.7.1+cu110",
        "numpy_version": "1.21.6",
        "end_time_seconds": "1670163485"
    },
    "total": 103.6622812,
    "count": 1,
    "self": 0.0108722999999884,
    "children": {
        "run_training.setup": {
            "total": 0.1441523,
            "count": 1,
            "self": 0.1441523
        },
        "TrainerController.start_learning": {
            "total": 103.5072566,
            "count": 1,
            "self": 0.3327644000004426,
            "children": {
                "TrainerController._reset_env": {
                    "total": 9.6014055,
                    "count": 1,
                    "self": 9.6014055
                },
                "TrainerController.advance": {
                    "total": 93.38438559999956,
                    "count": 10808,
                    "self": 0.16503059999955383,
                    "children": {
                        "env_step": {
                            "total": 93.21935500000001,
                            "count": 10808,
                            "self": 48.87104649999942,
                            "children": {
                                "SubprocessEnvManager._take_step": {
                                    "total": 44.181894500000524,
                                    "count": 10808,
                                    "self": 0.8870808999998303,
                                    "children": {
                                        "TorchPolicy.evaluate": {
                                            "total": 43.294813600000694,
                                            "count": 10808,
                                            "self": 18.884349800000997,
                                            "children": {
                                                "TorchPolicy.sample_actions": {
                                                    "total": 24.410463799999697,
                                                    "count": 10808,
                                                    "self": 24.410463799999697
                                                }
                                            }
                                        }
                                    }
                                },
                                "workers": {
                                    "total": 0.16641400000006001,
                                    "count": 10807,
                                    "self": 0.0,
                                    "children": {
                                        "worker_root": {
                                            "total": 94.98558699999955,
                                            "count": 10807,
                                            "is_parallel": true,