{
    "name": "root",
    "metadata": {
        "timer_format_version": "0.1.0",
        "start_time_seconds": "1669393532",
        "python_version": "3.7.15 (default, Nov  9 2022, 10:44:37) [MSC v.1916 64 bit (AMD64)]",
        "command_line_arguments": "C:\\Users\\molna\\anaconda3\\envs\\unity\\Scripts\\mlagents-learn MoveToTarget.yaml --run-id=run2",
        "mlagents_version": "0.28.0",
        "mlagents_envs_version": "0.28.0",
        "communication_protocol_version": "1.5.0",
        "pytorch_version": "1.7.1+cu110",
        "numpy_version": "1.21.6",
        "end_time_seconds": "1669393648"
    },
    "total": 115.8380254,
    "count": 1,
    "self": 0.009639300000003459,
    "children": {
        "run_training.setup": {
            "total": 0.20015530000000004,
            "count": 1,
            "self": 0.20015530000000004
        },
        "TrainerController.start_learning": {
            "total": 115.6282308,
            "count": 1,
            "self": 0.12870580000002008,
            "children": {
                "TrainerController._reset_env": {
                    "total": 15.2403534,
                    "count": 1,
                    "self": 15.2403534
                },
                "TrainerController.advance": {
                    "total": 100.04909719999998,
                    "count": 4101,
                    "self": 0.06749110000023961,
                    "children": {
                        "env_step": {
                            "total": 99.98160609999974,
                            "count": 4101,
                            "self": 83.4967143999998,
                            "children": {
                                "SubprocessEnvManager._take_step": {
                                    "total": 16.418208700000037,
                                    "count": 4101,
                                    "self": 0.3687758999997257,
                                    "children": {
                                        "TorchPolicy.evaluate": {
                                            "total": 16.04943280000031,
                                            "count": 4101,
                                            "self": 6.62923610000038,
                                            "children": {
                                                "TorchPolicy.sample_actions": {
                                                    "total": 9.42019669999993,
                                                    "count": 4101,
                                                    "self": 9.42019669999993
                                                }
                                            }
                                        }
                                    }
                                },
                                "workers": {
                                    "total": 0.06668299999990168,
                                    "count": 4100,
                                    "self": 0.0,
                                    "children": {
                                        "worker_root": {
                                            "total": 40.668476700000284,
                                            "count": 4100,
                                            "is_parallel": true,
                                            "self": 25.75006840000052,
                                            "children": {
                                                "steps_from_proto": {
                                                    "total": 0.0008771000000002971,
                                                    "count": 1,
                                                    "is_parallel": true,
                                                    "self": 0.00039869999999986305,
                                                    "children": {
                                                        "_process_rank_one_or_two_observation": {
                                                            "total": 0.00047840000000043403,
                                                            "count": 4,
                                                            "is_parallel": true,
                                                            "self": 0.00047840000000043403
                                                        }
                                                    }
                                                },
                                                "UnityEnvironment.step": {
                                                    "total": 14.917531199999765,
                                                    "count": 4100,
                                                    "is_parallel": true,
                                                    "self": 0.4477978999999088,
                                                    "children": {
                                                        "UnityEnvironment._generate_step_input": {
                                                            "total": 0.3860976999998762,
                                                            "count": 4100,
                                                            "is_parallel": true,
                                                            "self": 0.3860976999998762
                                                        },
                                                        "communicator.exchange": {
                                                            "total": 12.337958099999831,
                                                            "count": 4100,
                                                            "is_parallel": true,
                                                            "self": 12.337958099999831
                                                        },
                                                        "steps_from_proto": {
                                                            "total": 1.7456775000001485,
                                                            "count": 4100,
                                                            "is_parallel": true,
                                                            "self": 0.9979596000004349,
                                                            "children": {
                                                                "_process_rank_one_or_two_observation": {
                                                                    "total": 0.7477178999997136,
                                                                    "count": 16400,
                                                                    "is_parallel": true,
                                                                    "self": 0.7477178999997136
                                                                }
                                                            }
                                                        }
                                                    }
                                                }
                                            }
                                        }
                                    }
                                }
                            }
                        }
                    }
                },
                "TrainerController._save_models": {
                    "total": 0.21007439999999633,
                    "count": 1,
                    "self": 0.008274900000003527,
                    "children": {
                        "RLTrainer._checkpoint": {
                            "total": 0.2017994999999928,
                            "count": 1,
                            "self": 0.2017994999999928
                        }
                    }
                }
            }
        }
    }
}