{
    "name": "root",
    "gauges": {
        "MoveToTarget.Policy.Entropy.mean": {
            "value": 1.384636640548706,
            "min": 1.384636640548706,
            "max": 1.384636640548706,
            "count": 1
        },
        "MoveToTarget.Policy.Entropy.sum": {
            "value": 2769.273193359375,
            "min": 2769.273193359375,
            "max": 2769.273193359375,
            "count": 1
        },
        "MoveToTarget.Step.mean": {
            "value": 1768.0,
            "min": 1768.0,
            "max": 1768.0,
            "count": 1
        },
        "MoveToTarget.Step.sum": {
            "value": 1768.0,
            "min": 1768.0,
            "max": 1768.0,
            "count": 1
        },
        "MoveToTarget.Policy.ExtrinsicValueEstimate.mean": {
            "value": 4.503173351287842,
            "min": 4.503173351287842,
            "max": 4.503173351287842,
            "count": 1
        },
        "MoveToTarget.Policy.ExtrinsicValueEstimate.sum": {
            "value": 31.522212982177734,
            "min": 31.522212982177734,
            "max": 31.522212982177734,
            "count": 1
        },
        "MoveToTarget.Environment.EpisodeLength.mean": {
            "value": 999.0,
            "min": 999.0,
            "max": 999.0,
            "count": 1
        },
        "MoveToTarget.Environment.EpisodeLength.sum": {
            "value": 1998.0,
            "min": 1998.0,
            "max": 1998.0,
            "count": 1
        },
        "MoveToTarget.Environment.CumulativeReward.mean": {
            "value": -9.999999523162842,
            "min": -9.999999523162842,
            "max": -9.999999523162842,
            "count": 1
        },
        "MoveToTarget.Environment.CumulativeReward.sum": {
            "value": -9.999999523162842,
            "min": -9.999999523162842,
            "max": -9.999999523162842,
            "count": 1
        },
        "MoveToTarget.Policy.ExtrinsicReward.mean": {
            "value": -9.999999523162842,
            "min": -9.999999523162842,
            "max": -9.999999523162842,
            "count": 1
        },
        "MoveToTarget.Policy.ExtrinsicReward.sum": {
            "value": -9.999999523162842,
            "min": -9.999999523162842,
            "max": -9.999999523162842,
            "count": 1
        },
        "MoveToTarget.IsTraining.mean": {
            "value": 1.0,
            "min": 1.0,
            "max": 1.0,
            "count": 1
        },
        "MoveToTarget.IsTraining.sum": {
            "value": 1.0,
            "min": 1.0,
            "max": 1.0,
            "count": 1
        }
    },
    "metadata": {
        "timer_format_version": "0.1.0",
        "start_time_seconds": "1669402138",
        "python_version": "3.7.15 (default, Nov  9 2022, 10:44:37) [MSC v.1916 64 bit (AMD64)]",
        "command_line_arguments": "C:\\Users\\molna\\anaconda3\\envs\\unity\\Scripts\\mlagents-learn MoveToTarget.yaml --run-id=run3",
        "mlagents_version": "0.28.0",
        "mlagents_envs_version": "0.28.0",
        "communication_protocol_version": "1.5.0",
        "pytorch_version": "1.7.1+cu110",
        "numpy_version": "1.21.6",
        "end_time_seconds": "1669402182"
    },
    "total": 44.2451814,
    "count": 1,
    "self": 0.012042200000003334,
    "children": {
        "run_training.setup": {
            "total": 0.15631869999999992,
            "count": 1,
            "self": 0.15631869999999992
        },
        "TrainerController.start_learning": {
            "total": 44.0768205,
            "count": 1,
            "self": 0.09027860000007593,
            "children": {
                "TrainerController._reset_env": {
                    "total": 19.0574268,
                    "count": 1,
                    "self": 19.0574268
                },
                "TrainerController.advance": {
                    "total": 24.778416499999928,
                    "count": 2401,
                    "self": 0.03936819999992025,
                    "children": {
                        "env_step": {
                            "total": 24.739048300000007,
                            "count": 2401,
                            "self": 16.717789099999848,
                            "children": {
                                "SubprocessEnvManager._take_step": {
                                    "total": 7.982200499999976,
                                    "count": 2401,
                                    "self": 0.2142808000000045,
                                    "children": {
                                        "TorchPolicy.evaluate": {
                                            "total": 7.767919699999972,
                                            "count": 2401,
                                            "self": 2.9123425000001575,
                                            "children": {
                                                "TorchPolicy.sample_actions": {
                                                    "total": 4.855577199999814,
                                                    "count": 2401,
                                                    "self": 4.855577199999814
                                                }
                                            }
                                        }
                                    }
                                },
                                "workers": {
                                    "total": 0.039058700000182967,
                                    "count": 2400,
                                    "self": 0.0,
                                    "children": {
                                        "worker_root": {
                                            "total": 22.100000599999973,
                                            "count": 2400,
                                            "is_parallel": true,
                                            "self": 12.772885300000034,
                                            "children": {
                                                "steps_from_proto": {
                                                    "total": 0.0005923999999986052,
                                                    "count": 1,
                                                    "is_parallel": true,
                                                    "self": 0.00033859999999918955,
                                                    "children": {
                                                        "_process_rank_one_or_two_observation": {
                                                            "total": 0.0002537999999994156,
                                                            "count": 4,
                                                            "is_parallel": true,
                                                            "self": 0.0002537999999994156
                                                        }
                                                    }
                                                },
                                                "UnityEnvironment.step": {
                                                    "total": 9.32652289999994,
                                                    "count": 2400,
                                                    "is_parallel": true,
                                                    "self": 0.2681651000001608,
                                                    "children": {
                                                        "UnityEnvironment._generate_step_input": {
                                                            "total": 0.22421719999987744,
                                                            "count": 2400,
                                                            "is_parallel": true,