{
    "name": "root",
    "gauges": {
        "MoveToTarget.Policy.Entropy.mean": {
            "value": 1.2959599494934082,
            "min": 1.2953511476516724,
            "max": 1.3018865585327148,
            "count": 6
        },
        "MoveToTarget.Policy.Entropy.sum": {
            "value": 1283.0003662109375,
            "min": 1240.41552734375,
            "max": 1357.9730224609375,
            "count": 6
        },
        "MoveToTarget.Environment.EpisodeLength.mean": {
            "value": 38.6,
            "min": 33.41379310344828,
            "max": 51.94444444444444,
            "count": 6
        },
        "MoveToTarget.Environment.EpisodeLength.sum": {
            "value": 965.0,
            "min": 935.0,
            "max": 1022.0,
            "count": 6
        },
        "MoveToTarget.Step.mean": {
            "value": 5988.0,
            "min": 989.0,
            "max": 5988.0,
            "count": 6
        },
        "MoveToTarget.Step.sum": {
            "value": 5988.0,
            "min": 989.0,
            "max": 5988.0,
            "count": 6
        },
        "MoveToTarget.Policy.ExtrinsicValueEstimate.mean": {
            "value": -1.280756950378418,
            "min": -1.5577764511108398,
            "max": -1.280756950378418,
            "count": 6
        },
        "MoveToTarget.Policy.ExtrinsicValueEstimate.sum": {
            "value": -32.018924713134766,
            "min": -44.61270523071289,
            "max": -27.478343963623047,
            "count": 6
        },
        "MoveToTarget.Policy.CuriosityValueEstimate.mean": {
            "value": 1.2946150302886963,
            "min": 1.2946150302886963,
            "max": 1.4391225576400757,
            "count": 6
        },
        "MoveToTarget.Policy.CuriosityValueEstimate.sum": {
            "value": 32.36537551879883,
            "min": 25.173358917236328,
            "max": 41.52823257446289,
            "count": 6
        },
        "MoveToTarget.Environment.CumulativeReward.mean": {
            "value": -1.4095999479293824,
            "min": -1.536666578716702,
            "max": -1.3462068459083294,
            "count": 6
        },
        "MoveToTarget.Environment.CumulativeReward.sum": {
            "value": -35.23999869823456,
            "min": -39.499998569488525,
            "max": -27.659998416900635,
            "count": 6
        },
        "MoveToTarget.Policy.ExtrinsicReward.mean": {
            "value": -1.4095999479293824,
            "min": -1.536666578716702,
            "max": -1.3462068459083294,
            "count": 6
        },
        "MoveToTarget.Policy.ExtrinsicReward.sum": {
            "value": -35.23999869823456,
            "min": -39.499998569488525,
            "max": -27.659998416900635,
            "count": 6
        },
        "MoveToTarget.Policy.CuriosityReward.mean": {
            "value": 0.0,
            "min": 0.0,
            "max": 0.0,
            "count": 6
        },
        "MoveToTarget.Policy.CuriosityReward.sum": {
            "value": 0.0,
            "min": 0.0,
            "max": 0.0,
            "count": 6
        },
        "MoveToTarget.IsTraining.mean": {
            "value": 1.0,
            "min": 1.0,
            "max": 1.0,
            "count": 6
        },
        "MoveToTarget.IsTraining.sum": {
            "value": 1.0,
            "min": 1.0,
            "max": 1.0,
            "count": 6
        }
    },
    "metadata": {
        "timer_format_version": "0.1.0",
        "start_time_seconds": "1670448747",
        "python_version": "3.7.15 (default, Nov  9 2022, 10:44:37) [MSC v.1916 64 bit (AMD64)]",
        "command_line_arguments": "C:\\Users\\molna\\anaconda3\\envs\\unity\\Scripts\\mlagents-learn MoveToTarget.yaml --run-id=elegemvan11",
        "mlagents_version": "0.28.0",
        "mlagents_envs_version": "0.28.0",
        "communication_protocol_version": "1.5.0",
        "pytorch_version": "1.7.1+cu110",
        "numpy_version": "1.21.6",
        "end_time_seconds": "1670448811"
    },
    "total": 64.1789948,
    "count": 1,
    "self": 0.012225700000001893,
    "children": {
        "run_training.setup": {
            "total": 0.16068170000000004,
            "count": 1,
            "self": 0.16068170000000004
        },
        "TrainerController.start_learning": {
            "total": 64.0060874,
            "count": 1,
            "self": 0.2092001000002739,
            "children": {
                "TrainerController._reset_env": {
                    "total": 11.232811300000002,
                    "count": 1,
                    "self": 11.232811300000002
                },
                "TrainerController.advance": {
                    "total": 52.08501399999974,
                    "count": 6764,
                    "self": 0.10769550000006234,
                    "children": {
                        "env_step": {
                            "total": 51.977318499999676,
                            "count": 6764,
                            "self": 29.828994999999292,
                            "children": {
                                "SubprocessEnvManager._take_step": {
                                    "total": 22.04279090000033,
                                    "count": 6764,
                                    "self": 0.5825770000002244,
                                    "children": {
                                        "TorchPolicy.evaluate": {
                                            "total": 21.460213900000106,
                                            "count": 6764,
                                            "self": 8.381400500000028,
                                            "children": {
                                                "TorchPolicy.sample_actions": {
                                                    "total": 13.078813400000078,
                                                    "count": 6764,
                                                    "self": 13.078813400000078
                                                }
                                            }
                                        }
                                    }
                                },
                                "workers": {
                                    "total": 0.10553260000005338,
                                    "count": 6763,
                                    "self": 0.0,
                                    "children": {
                                        "worker_root": {
                                            "total": 53.821983299999914,
                                            "count": 6763,
                                            "is_parallel": true,
                                            "self": 32.06781859999984,
                                            "children": {
                                                "steps_from_proto": {
                                                    "total": 0.0007163999999999504,
                                                    "count": 1,
                                                    "is_parallel": true,
                                                    "self": 0.00038110000000024513,
                                                    "children": {
                                                        "_process_rank_one_or_two_observation": {
                                                            "total": 0.0003352999999997053,
                                                            "count": 4,
                                                            "is_parallel": true,
                                                            "self": 0.0003352999999997053
                                                        }
                                                    }
                                                },