{
    "name": "root",
    "gauges": {
        "MoveToTarget.Policy.Entropy.mean": {
            "value": 1.2942759990692139,
            "min": 1.2799792289733887,
            "max": 1.2963881492614746,
            "count": 19
        },
        "MoveToTarget.Policy.Entropy.sum": {
            "value": 1182.96826171875,
            "min": 1100.07275390625,
            "max": 1528.441650390625,
            "count": 19
        },
        "MoveToTarget.Step.mean": {
            "value": 18753.0,
            "min": 801.0,
            "max": 18753.0,
            "count": 19
        },
        "MoveToTarget.Step.sum": {
            "value": 18753.0,
            "min": 801.0,
            "max": 18753.0,
            "count": 19
        },
        "MoveToTarget.Policy.ExtrinsicValueEstimate.mean": {
            "value": 4.731888771057129,
            "min": 4.514902591705322,
            "max": 14.670819282531738,
            "count": 19
        },
        "MoveToTarget.Policy.ExtrinsicValueEstimate.sum": {
            "value": 18.927555084228516,
            "min": 18.302082061767578,
            "max": 86.81857299804688,
            "count": 19
        },
        "MoveToTarget.Environment.EpisodeLength.mean": {
            "value": 912.0,
            "min": 370.0,
            "max": 912.0,
            "count": 19
        },
        "MoveToTarget.Environment.EpisodeLength.sum": {
            "value": 912.0,
            "min": 604.0,
            "max": 1738.0,
            "count": 19
        },
        "MoveToTarget.Environment.CumulativeReward.mean": {
            "value": -9.729999542236328,
            "min": -9.84999942779541,
            "max": -3.9899996519088745,
            "count": 19
        },
        "MoveToTarget.Environment.CumulativeReward.sum": {
            "value": -9.729999542236328,
            "min": -16.97999906539917,
            "max": -3.9899996519088745,
            "count": 19
        },
        "MoveToTarget.Policy.ExtrinsicReward.mean": {
            "value": -9.729999542236328,
            "min": -9.84999942779541,
            "max": -3.9899996519088745,
            "count": 19
        },
        "MoveToTarget.Policy.ExtrinsicReward.sum": {
            "value": -9.729999542236328,
            "min": -16.97999906539917,
            "max": -3.9899996519088745,
            "count": 19
        },
        "MoveToTarget.IsTraining.mean": {
            "value": 1.0,
            "min": 1.0,
            "max": 1.0,
            "count": 19
        },
        "MoveToTarget.IsTraining.sum": {
            "value": 1.0,
            "min": 1.0,
            "max": 1.0,
            "count": 19
        },
        "MoveToTarget.Losses.PolicyLoss.mean": {
            "value": 0.03602831629349997,
            "min": 0.03602831629349997,
            "max": 0.03602831629349997,
            "count": 1
        },
        "MoveToTarget.Losses.PolicyLoss.sum": {
            "value": 0.03602831629349997,
            "min": 0.03602831629349997,
            "max": 0.03602831629349997,
            "count": 1
        },
        "MoveToTarget.Losses.ValueLoss.mean": {
            "value": 26.736952580903704,
            "min": 26.736952580903704,
            "max": 26.736952580903704,
            "count": 1
        },
        "MoveToTarget.Losses.ValueLoss.sum": {
            "value": 26.736952580903704,
            "min": 26.736952580903704,
            "max": 26.736952580903704,
            "count": 1
        },
        "MoveToTarget.Policy.LearningRate.mean": {
            "value": 9.7982220178e-06,
            "min": 9.7982220178e-06,
            "max": 9.7982220178e-06,
            "count": 1
        },
        "MoveToTarget.Policy.LearningRate.sum": {
            "value": 9.7982220178e-06,
            "min": 9.7982220178e-06,
            "max": 9.7982220178e-06,
            "count": 1
        },
        "MoveToTarget.Policy.Epsilon.mean": {
            "value": 0.1979822,
            "min": 0.1979822,
            "max": 0.1979822,
            "count": 1
        },
        "MoveToTarget.Policy.Epsilon.sum": {
            "value": 0.1979822,
            "min": 0.1979822,
            "max": 0.1979822,
            "count": 1
        },
        "MoveToTarget.Policy.Beta.mean": {
            "value": 0.0009800237800000001,
            "min": 0.0009800237800000001,
            "max": 0.0009800237800000001,
            "count": 1
        },
        "MoveToTarget.Policy.Beta.sum": {
            "value": 0.0009800237800000001,
            "min": 0.0009800237800000001,
            "max": 0.0009800237800000001,
            "count": 1
        }
    },
    "metadata": {
        "timer_format_version": "0.1.0",
        "start_time_seconds": "1670450187",
        "python_version": "3.7.15 (default, Nov  9 2022, 10:44:37) [MSC v.1916 64 bit (AMD64)]",
        "command_line_arguments": "C:\\Users\\molna\\anaconda3\\envs\\unity\\Scripts\\mlagents-learn MoveToTarget.yaml --run-id=newspawn3",
        "mlagents_version": "0.28.0",
        "mlagents_envs_version": "0.28.0",
        "communication_protocol_version": "1.5.0",
        "pytorch_version": "1.7.1+cu110",
        "numpy_version": "1.21.6",
        "end_time_seconds": "1670450359"
    },
    "total": 172.392096,
    "count": 1,
    "self": 0.008937599999995882,
    "children": {
        "run_training.setup": {
            "total": 0.15815959999999984,
            "count": 1,
            "self": 0.15815959999999984
        },
        "TrainerController.start_learning": {
            "total": 172.2249988,
            "count": 1,
            "self": 0.6697619999995936,
            "children": {
                "TrainerController._reset_env": {
                    "total": 14.139778199999999,
                    "count": 1,
                    "self": 14.139778199999999
                },
                "TrainerController.advance": {
                    "total": 157.06342870000043,
                    "count": 19919,
                    "self": 0.33701999999988175,
                    "children": {
                        "env_step": {
                            "total": 156.72640870000055,
                            "count": 19919,
                            "self": 88.5419018999979,
                            "children": {
                                "SubprocessEnvManager._take_step": {
                                    "total": 67.85326400000179,
                                    "count": 19919,
                                    "self": 1.7721027000027902,
                                    "children": {
                                        "TorchPolicy.evaluate": {
                                            "total": 66.081161299999,
                                            "count": 19919,
                                            "self": 26.514644499998248,
                                            "children": {
                                                "TorchPolicy.sample_actions": {
                                                    "total": 39.56651680000075,
                                                    "count": 19919,
                                                    "self": 39.56651680000075
                                                }
                                            }
                                        }
                                    }
                                },
                                "workers": {
                                    "total": 0.33124280000085804,
                                    "count": 19918,
                                    "self": 0.0,
                                    "children": {
                                        "worker_root": {
                                            "total": 158.7681986000009,
                                            "count": 19918,
                                            "is_parallel": true,