{
    "name": "root",
    "gauges": {
        "MoveToTarget.Policy.Entropy.mean": {
            "value": 1.1573054790496826,
            "min": 1.1294268369674683,
            "max": 1.344977855682373,
            "count": 148
        },
        "MoveToTarget.Policy.Entropy.sum": {
            "value": 1156.148193359375,
            "min": 960.3306884765625,
            "max": 1573.4381103515625,
            "count": 148
        },
        "MoveToTarget.Step.mean": {
            "value": 147870.0,
            "min": 922.0,
            "max": 147870.0,
            "count": 148
        },
        "MoveToTarget.Step.sum": {
            "value": 147870.0,
            "min": 922.0,
            "max": 147870.0,
            "count": 148
        },
        "MoveToTarget.Policy.ExtrinsicValueEstimate.mean": {
            "value": -0.27716439962387085,
            "min": -10.811344146728516,
            "max": 0.25611793994903564,
            "count": 148
        },
        "MoveToTarget.Policy.ExtrinsicValueEstimate.sum": {
            "value": -1.385822057723999,
            "min": -66.47721862792969,
            "max": 1.0244717597961426,
            "count": 148
        },
        "MoveToTarget.Environment.EpisodeLength.mean": {
            "value": 499.0,
            "min": 101.7,
            "max": 999.0,
            "count": 148
        },
        "MoveToTarget.Environment.EpisodeLength.sum": {
            "value": 998.0,
            "min": 147.0,
            "max": 1795.0,
            "count": 148
        },
        "MoveToTarget.Environment.CumulativeReward.mean": {
            "value": -11.99999886751175,
            "min": -35.619996070861816,
            "max": -2.5199997425079346,
            "count": 148
        },
        "MoveToTarget.Environment.CumulativeReward.sum": {
            "value": -23.9999977350235,
            "min": -62.499993324279785,
            "max": -2.5199997425079346,
            "count": 148
        },
        "MoveToTarget.Policy.ExtrinsicReward.mean": {
            "value": -11.99999886751175,
            "min": -35.619996070861816,
            "max": -2.5199997425079346,
            "count": 148
        },
        "MoveToTarget.Policy.ExtrinsicReward.sum": {
            "value": -23.9999977350235,
            "min": -62.499993324279785,
            "max": -2.5199997425079346,
            "count": 148
        },
        "MoveToTarget.IsTraining.mean": {
            "value": 1.0,
            "min": 1.0,
            "max": 1.0,
            "count": 148
        },
        "MoveToTarget.IsTraining.sum": {
            "value": 1.0,
            "min": 1.0,
            "max": 1.0,
            "count": 148
        },
        "MoveToTarget.Losses.PolicyLoss.mean": {
            "value": 0.03377776541502068,
            "min": 0.02988437465963918,
            "max": 0.04145642391226271,
            "count": 14
        },
        "MoveToTarget.Losses.PolicyLoss.sum": {
            "value": 0.03377776541502068,
            "min": 0.02988437465963918,
            "max": 0.04145642391226271,
            "count": 14
        },
        "MoveToTarget.Losses.ValueLoss.mean": {
            "value": 0.03695394856887951,
            "min": 0.02469821408260287,
            "max": 11.055473438480444,
            "count": 14
        },
        "MoveToTarget.Losses.ValueLoss.sum": {
            "value": 0.03695394856887951,
            "min": 0.02469821408260287,
            "max": 11.055473438480444,
            "count": 14
        },
        "MoveToTarget.Policy.LearningRate.mean": {
            "value": 9.85795342048e-06,
            "min": 9.85795342048e-06,
            "max": 9.98987210128e-06,
            "count": 14
        },
        "MoveToTarget.Policy.LearningRate.sum": {
            "value": 9.85795342048e-06,
            "min": 9.85795342048e-06,
            "max": 9.98987210128e-06,
            "count": 14
        },
        "MoveToTarget.Policy.Epsilon.mean": {
            "value": 0.19857951999999998,
            "min": 0.19857951999999998,
            "max": 0.19989872,
            "count": 14
        },
        "MoveToTarget.Policy.Epsilon.sum": {
            "value": 0.19857951999999998,
            "min": 0.19857951999999998,
            "max": 0.19989872,
            "count": 14
        },
        "MoveToTarget.Policy.Beta.mean": {
            "value": 0.004929118048,
            "min": 0.004929118048,
            "max": 0.004994946128,
            "count": 14
        },
        "MoveToTarget.Policy.Beta.sum": {
            "value": 0.004929118048,
            "min": 0.004929118048,
            "max": 0.004994946128,
            "count": 14
        }
    },
    "metadata": {
        "timer_format_version": "0.1.0",
        "start_time_seconds": "1670440727",
        "python_version": "3.7.15 (default, Nov  9 2022, 10:44:37) [MSC v.1916 64 bit (AMD64)]",
        "command_line_arguments": "C:\\Users\\molna\\anaconda3\\envs\\unity\\Scripts\\mlagents-learn MoveToTarget.yaml --run-id=jail3",
        "mlagents_version": "0.28.0",
        "mlagents_envs_version": "0.28.0",
        "communication_protocol_version": "1.5.0",
        "pytorch_version": "1.7.1+cu110",
        "numpy_version": "1.21.6",
        "end_time_seconds": "1670441745"
    },
    "total": 1017.8166803,
    "count": 1,
    "self": 0.009345000000053005,
    "children": {
        "run_training.setup": {
            "total": 0.15117570000000002,
            "count": 1,
            "self": 0.15117570000000002
        },
        "TrainerController.start_learning": {
            "total": 1017.6561596,
            "count": 1,
            "self": 4.313625199977537,
            "children": {
                "TrainerController._reset_env": {
                    "total": 9.2173108,
                    "count": 1,
                    "self": 9.2173108
                },
                "TrainerController.advance": {
                    "total": 1003.9934144000225,
                    "count": 148193,
                    "self": 2.2593106000306307,
                    "children": {
                        "env_step": {
                            "total": 1001.7341037999919,
                            "count": 148193,
                            "self": 541.4860069999754,
                            "children": {
                                "SubprocessEnvManager._take_step": {
                                    "total": 457.89822230001204,
                                    "count": 148193,
                                    "self": 11.482455600029539,
                                    "children": {
                                        "TorchPolicy.evaluate": {
                                            "total": 446.4157666999825,
                                            "count": 148193,
                                            "self": 175.785730299982,
                                            "children": {
                                                "TorchPolicy.sample_actions": {
                                                    "total": 270.6300364000005,
                                                    "count": 148193,
                                                    "self": 270.6300364000005
                                                }
                                            }
                                        }
                                    }
                                },
                                "workers": {
                                    "total": 2.349874500004413,
                                    "count": 148192,
                                    "self": 0.0,
                                    "children": {
                                        "worker_root": {
                                            "total": 1005.5404186999845,
                                            "count": 148192,
                                            "is_parallel": true,