{
    "name": "root",
    "gauges": {
        "MoveToTarget.Policy.Entropy.mean": {
            "value": 1.381512999534607,
            "min": 1.373035192489624,
            "max": 1.3816583156585693,
            "count": 21
        },
        "MoveToTarget.Policy.Entropy.sum": {
            "value": 3109.785888671875,
            "min": 2527.7578125,
            "max": 3109.785888671875,
            "count": 21
        },
        "MoveToTarget.Environment.EpisodeLength.mean": {
            "value": 449.2,
            "min": 130.875,
            "max": 999.0,
            "count": 21
        },
        "MoveToTarget.Environment.EpisodeLength.sum": {
            "value": 2246.0,
            "min": 1327.0,
            "max": 2670.0,
            "count": 21
        },
        "MoveToTarget.Step.mean": {
            "value": 41996.0,
            "min": 1816.0,
            "max": 41996.0,
            "count": 21
        },
        "MoveToTarget.Step.sum": {
            "value": 41996.0,
            "min": 1816.0,
            "max": 41996.0,
            "count": 21
        },
        "MoveToTarget.Policy.ExtrinsicValueEstimate.mean": {
            "value": -0.24441289901733398,
            "min": -4.309818267822266,
            "max": -0.2377842515707016,
            "count": 21
        },
        "MoveToTarget.Policy.ExtrinsicValueEstimate.sum": {
            "value": -2.688541889190674,
            "min": -54.5262336730957,
            "max": -2.1400582790374756,
            "count": 21
        },
        "MoveToTarget.Environment.CumulativeReward.mean": {
            "value": -6.051999044418335,
            "min": -12.874999046325684,
            "max": -2.536922940841088,
            "count": 21
        },
        "MoveToTarget.Environment.CumulativeReward.sum": {
            "value": -30.259995222091675,
            "min": -43.40999734401703,
            "max": -15.479998230934143,
            "count": 21
        },
        "MoveToTarget.Policy.ExtrinsicReward.mean": {
            "value": -6.051999044418335,
            "min": -12.874999046325684,
            "max": -2.536922940841088,
            "count": 21
        },
        "MoveToTarget.Policy.ExtrinsicReward.sum": {
            "value": -30.259995222091675,
            "min": -43.40999734401703,
            "max": -15.479998230934143,
            "count": 21
        },
        "MoveToTarget.IsTraining.mean": {
            "value": 1.0,
            "min": 1.0,
            "max": 1.0,
            "count": 21
        },
        "MoveToTarget.IsTraining.sum": {
            "value": 1.0,
            "min": 1.0,
            "max": 1.0,
            "count": 21
        },
        "MoveToTarget.Losses.PolicyLoss.mean": {
            "value": 0.030718424047032993,
            "min": 0.030718424047032993,
            "max": 0.03315809173019309,
            "count": 4
        },
        "MoveToTarget.Losses.PolicyLoss.sum": {
            "value": 0.030718424047032993,
            "min": 0.030718424047032993,
            "max": 0.03315809173019309,
            "count": 4
        },
        "MoveToTarget.Losses.ValueLoss.mean": {
            "value": 0.01794178911337727,
            "min": 0.01794178911337727,
            "max": 0.5067787861451507,
            "count": 4
        },
        "MoveToTarget.Losses.ValueLoss.sum": {
            "value": 0.01794178911337727,
            "min": 0.01794178911337727,
            "max": 0.5067787861451507,
            "count": 4
        },
        "MoveToTarget.Policy.LearningRate.mean": {
            "value": 9.959376040623999e-05,
            "min": 9.959376040623999e-05,
            "max": 9.989756010243998e-05,
            "count": 4
        },
        "MoveToTarget.Policy.LearningRate.sum": {
            "value": 9.959376040623999e-05,
            "min": 9.959376040623999e-05,
            "max": 9.989756010243998e-05,
            "count": 4
        },
        "MoveToTarget.Policy.Epsilon.mean": {
            "value": 0.19959376,
            "min": 0.19959376,
            "max": 0.19989756,
            "count": 4
        },
        "MoveToTarget.Policy.Epsilon.sum": {
            "value": 0.19959376,
            "min": 0.19959376,
            "max": 0.19989756,
            "count": 4
        },
        "MoveToTarget.Policy.Beta.mean": {
            "value": 0.000995978224,
            "min": 0.000995978224,
            "max": 0.0009989858440000003,
            "count": 4
        },
        "MoveToTarget.Policy.Beta.sum": {
            "value": 0.000995978224,
            "min": 0.000995978224,
            "max": 0.0009989858440000003,
            "count": 4
        }
    },
    "metadata": {
        "timer_format_version": "0.1.0",
        "start_time_seconds": "1670439363",
        "python_version": "3.7.15 (default, Nov  9 2022, 10:44:37) [MSC v.1916 64 bit (AMD64)]",
        "command_line_arguments": "C:\\Users\\molna\\anaconda3\\envs\\unity\\Scripts\\mlagents-learn MoveToTarget.yaml --run-id=streettagfix1",
        "mlagents_version": "0.28.0",
        "mlagents_envs_version": "0.28.0",
        "communication_protocol_version": "1.5.0",
        "pytorch_version": "1.7.1+cu110",
        "numpy_version": "1.21.6",
        "end_time_seconds": "1670439693"
    },
    "total": 329.9715982,
    "count": 1,
    "self": 0.009566800000015974,
    "children": {
        "run_training.setup": {
            "total": 0.1445265,
            "count": 1,
            "self": 0.1445265
        },
        "TrainerController.start_learning": {
            "total": 329.8175049,
            "count": 1,
            "self": 1.2767104999986714,
            "children": {
                "TrainerController._reset_env": {
                    "total": 10.050920900000001,
                    "count": 1,
                    "self": 10.050920900000001
                },
                "TrainerController.advance": {
                    "total": 318.3532076000014,
                    "count": 43301,
                    "self": 0.6665391999977146,
                    "children": {
                        "env_step": {
                            "total": 317.68666840000367,
                            "count": 43301,
                            "self": 180.01838689999886,
                            "children": {
                                "SubprocessEnvManager._take_step": {
                                    "total": 136.97942049999872,
                                    "count": 43301,
                                    "self": 3.431981199995903,
                                    "children": {
                                        "TorchPolicy.evaluate": {
                                            "total": 133.54743930000282,
                                            "count": 43301,
                                            "self": 52.2850941000047,
                                            "children": {
                                                "TorchPolicy.sample_actions": {
                                                    "total": 81.26234519999812,
                                                    "count": 43301,
                                                    "self": 81.26234519999812
                                                }
                                            }
                                        }
                                    }
                                },
                                "workers": {
                                    "total": 0.6888610000060993,
                                    "count": 43300,
                                    "self": 0.0,
                                    "children": {
                                        "worker_root": {
                                            "total": 302.7519764000017,
                                            "count": 43300,
                                            "is_parallel": true,