{
    "name": "root",
    "gauges": {
        "MoveToTarget.Policy.Entropy.mean": {
            "value": 1.3862916231155396,
            "min": 1.3862829208374023,
            "max": 1.386292815208435,
            "count": 24
        },
        "MoveToTarget.Policy.Entropy.sum": {
            "value": 1389.064208984375,
            "min": 1347.474365234375,
            "max": 1420.943603515625,
            "count": 24
        },
        "MoveToTarget.Step.mean": {
            "value": 23990.0,
            "min": 986.0,
            "max": 23990.0,
            "count": 24
        },
        "MoveToTarget.Step.sum": {
            "value": 23990.0,
            "min": 986.0,
            "max": 23990.0,
            "count": 24
        },
        "MoveToTarget.Policy.ExtrinsicValueEstimate.mean": {
            "value": -0.002854006364941597,
            "min": -0.03868062421679497,
            "max": 0.02103925123810768,
            "count": 24
        },
        "MoveToTarget.Policy.ExtrinsicValueEstimate.sum": {
            "value": -0.09418220818042755,
            "min": -1.2764606475830078,
            "max": 0.6732560396194458,
            "count": 24
        },
        "MoveToTarget.Policy.CuriosityValueEstimate.mean": {
            "value": -0.0018749498995020986,
            "min": -0.06198437139391899,
            "max": 0.035954833030700684,
            "count": 24
        },
        "MoveToTarget.Policy.CuriosityValueEstimate.sum": {
            "value": -0.06187334656715393,
            "min": -2.0634677410125732,
            "max": 1.1505546569824219,
            "count": 24
        },
        "MoveToTarget.Environment.EpisodeLength.mean": {
            "value": 354.6666666666667,
            "min": 197.5,
            "max": 958.0,
            "count": 24
        },
        "MoveToTarget.Environment.EpisodeLength.sum": {
            "value": 1064.0,
            "min": 643.0,
            "max": 1450.0,
            "count": 24
        },
        "MoveToTarget.Environment.CumulativeReward.mean": {
            "value": -5.806666408975919,
            "min": -15.58999902009964,
            "max": -2.9849999397993088,
            "count": 24
        },
        "MoveToTarget.Environment.CumulativeReward.sum": {
            "value": -17.419999226927757,
            "min": -20.249999344348907,
            "max": -8.65999972820282,
            "count": 24
        },
        "MoveToTarget.Policy.ExtrinsicReward.mean": {
            "value": -5.806666408975919,
            "min": -15.58999902009964,
            "max": -2.9849999397993088,
            "count": 24
        },
        "MoveToTarget.Policy.ExtrinsicReward.sum": {
            "value": -17.419999226927757,
            "min": -20.249999344348907,
            "max": -8.65999972820282,
            "count": 24
        },
        "MoveToTarget.Policy.CuriosityReward.mean": {
            "value": 0.0,
            "min": 0.0,
            "max": 0.0,
            "count": 24
        },
        "MoveToTarget.Policy.CuriosityReward.sum": {
            "value": 0.0,
            "min": 0.0,
            "max": 0.0,
            "count": 24
        },
        "MoveToTarget.IsTraining.mean": {
            "value": 1.0,
            "min": 1.0,
            "max": 1.0,
            "count": 24
        },
        "MoveToTarget.IsTraining.sum": {
            "value": 1.0,
            "min": 1.0,
            "max": 1.0,
            "count": 24
        }
    },
    "metadata": {
        "timer_format_version": "0.1.0",
        "start_time_seconds": "1670446993",
        "python_version": "3.7.15 (default, Nov  9 2022, 10:44:37) [MSC v.1916 64 bit (AMD64)]",
        "command_line_arguments": "C:\\Users\\molna\\anaconda3\\envs\\unity\\Scripts\\mlagents-learn MoveToTarget.yaml --run-id=straighttojail4",
        "mlagents_version": "0.28.0",
        "mlagents_envs_version": "0.28.0",
        "communication_protocol_version": "1.5.0",
        "pytorch_version": "1.7.1+cu110",
        "numpy_version": "1.21.6",
        "end_time_seconds": "1670447152"
    },
    "total": 159.20130799999998,
    "count": 1,
    "self": 0.011018499999977394,
    "children": {
        "run_training.setup": {
            "total": 0.16140830000000017,
            "count": 1,
            "self": 0.16140830000000017
        },
        "TrainerController.start_learning": {
            "total": 159.0288812,
            "count": 1,
            "self": 0.7695249000013291,
            "children": {
                "TrainerController._reset_env": {
                    "total": 9.5032089,
                    "count": 1,
                    "self": 9.5032089
                },
                "TrainerController.advance": {
                    "total": 148.47592689999865,
                    "count": 24911,
                    "self": 0.39765700000060633,
                    "children": {
                        "env_step": {
                            "total": 148.07826989999805,
                            "count": 24911,
                            "self": 107.04088459999917,
                            "children": {
                                "SubprocessEnvManager._take_step": {
                                    "total": 40.643377399998165,
                                    "count": 24911,
                                    "self": 1.752509099999152,
                                    "children": {
                                        "TorchPolicy.evaluate": {
                                            "total": 38.89086829999901,
                                            "count": 24911,
                                            "self": 8.919139099999192,
                                            "children": {
                                                "TorchPolicy.sample_actions": {
                                                    "total": 29.97172919999982,
                                                    "count": 24911,
                                                    "self": 29.97172919999982
                                                }
                                            }
                                        }
                                    }
                                },
                                "workers": {
                                    "total": 0.3940079000007177,
                                    "count": 24910,
                                    "self": 0.0,
                                    "children": {
                                        "worker_root": {
                                            "total": 148.43394320000007,
                                            "count": 24910,
                                            "is_parallel": true,
                                            "self": 71.13173470000201,
                                            "children": {
                                                "steps_from_proto": {
                                                    "total": 0.0006415000000004056,
                                                    "count": 1,
                                                    "is_parallel": true,
                                                    "self": 0.0003485000000011951,
                                                    "children": {
                                                        "_process_rank_one_or_two_observation": {
                                                            "total": 0.00029299999999921056,
                                                            "count": 4,
                                                            "is_parallel": true,
                                                            "self": 0.00029299999999921056
                                                        }
                                                    }
                                                },