{
    "name": "root",
    "gauges": {
        "MoveToTarget.Policy.Entropy.mean": {
            "value": 1.368078351020813,
            "min": 1.2567380666732788,
            "max": 1.3687264919281006,
            "count": 43
        },
        "MoveToTarget.Policy.Entropy.sum": {
            "value": 1084.8861083984375,
            "min": 986.6596069335938,
            "max": 1576.3681640625,
            "count": 43
        },
        "MoveToTarget.Environment.EpisodeLength.mean": {
            "value": 793.0,
            "min": 44.0,
            "max": 842.0,
            "count": 43
        },
        "MoveToTarget.Environment.EpisodeLength.sum": {
            "value": 793.0,
            "min": 444.0,
            "max": 1468.0,
            "count": 43
        },
        "MoveToTarget.Step.mean": {
            "value": 42753.0,
            "min": 969.0,
            "max": 42753.0,
            "count": 43
        },
        "MoveToTarget.Step.sum": {
            "value": 42753.0,
            "min": 969.0,
            "max": 42753.0,
            "count": 43
        },
        "MoveToTarget.Policy.ExtrinsicValueEstimate.mean": {
            "value": -0.18524321913719177,
            "min": -2.339508533477783,
            "max": -0.1658344864845276,
            "count": 43
        },
        "MoveToTarget.Policy.ExtrinsicValueEstimate.sum": {
            "value": -0.7409728765487671,
            "min": -44.450660705566406,
            "max": -0.6633379459381104,
            "count": 43
        },
        "MoveToTarget.Environment.CumulativeReward.mean": {
            "value": -16.939998626708984,
            "min": -19.669998168945312,
            "max": -1.4614285287402926,
            "count": 43
        },
        "MoveToTarget.Environment.CumulativeReward.sum": {
            "value": -16.939998626708984,
            "min": -31.909996509552002,
            "max": -9.85999870300293,
            "count": 43
        },
        "MoveToTarget.Policy.ExtrinsicReward.mean": {
            "value": -16.939998626708984,
            "min": -19.669998168945312,
            "max": -1.4614285287402926,
            "count": 43
        },
        "MoveToTarget.Policy.ExtrinsicReward.sum": {
            "value": -16.939998626708984,
            "min": -31.909996509552002,
            "max": -9.85999870300293,
            "count": 43
        },
        "MoveToTarget.IsTraining.mean": {
            "value": 1.0,
            "min": 1.0,
            "max": 1.0,
            "count": 43
        },
        "MoveToTarget.IsTraining.sum": {
            "value": 1.0,
            "min": 1.0,
            "max": 1.0,
            "count": 43
        },
        "MoveToTarget.Losses.PolicyLoss.mean": {
            "value": 0.03071948804222701,
            "min": 0.03030222392918771,
            "max": 0.03071948804222701,
            "count": 4
        },
        "MoveToTarget.Losses.PolicyLoss.sum": {
            "value": 0.03071948804222701,
            "min": 0.03030222392918771,
            "max": 0.03071948804222701,
            "count": 4
        },
        "MoveToTarget.Losses.ValueLoss.mean": {
            "value": 0.026737404921860025,
            "min": 0.02175832005511773,
            "max": 0.14963133196885647,
            "count": 4
        },
        "MoveToTarget.Losses.ValueLoss.sum": {
            "value": 0.026737404921860025,
            "min": 0.02175832005511773,
            "max": 0.14963133196885647,
            "count": 4
        },
        "MoveToTarget.Policy.LearningRate.mean": {
            "value": 9.959928040072e-05,
            "min": 9.959928040072e-05,
            "max": 9.989967010033e-05,
            "count": 4
        },
        "MoveToTarget.Policy.LearningRate.sum": {
            "value": 9.959928040072e-05,
            "min": 9.959928040072e-05,
            "max": 9.989967010033e-05,
            "count": 4
        },
        "MoveToTarget.Policy.Epsilon.mean": {
            "value": 0.19959928,
            "min": 0.19959928,
            "max": 0.19989967000000003,
            "count": 4
        },
        "MoveToTarget.Policy.Epsilon.sum": {
            "value": 0.19959928,
            "min": 0.19959928,
            "max": 0.19989967000000003,
            "count": 4
        },
        "MoveToTarget.Policy.Beta.mean": {
            "value": 0.000996032872,
            "min": 0.000996032872,
            "max": 0.0009990067329999997,
            "count": 4
        },
        "MoveToTarget.Policy.Beta.sum": {
            "value": 0.000996032872,
            "min": 0.000996032872,
            "max": 0.0009990067329999997,
            "count": 4
        }
    },
    "metadata": {
        "timer_format_version": "0.1.0",
        "start_time_seconds": "1670440126",
        "python_version": "3.7.15 (default, Nov  9 2022, 10:44:37) [MSC v.1916 64 bit (AMD64)]",
        "command_line_arguments": "C:\\Users\\molna\\anaconda3\\envs\\unity\\Scripts\\mlagents-learn MoveToTarget.yaml --run-id=jail1",
        "mlagents_version": "0.28.0",
        "mlagents_envs_version": "0.28.0",
        "communication_protocol_version": "1.5.0",
        "pytorch_version": "1.7.1+cu110",
        "numpy_version": "1.21.6",
        "end_time_seconds": "1670440436"
    },
    "total": 309.60024319999997,
    "count": 1,
    "self": 0.009496799999965333,
    "children": {
        "run_training.setup": {
            "total": 0.14544690000000005,
            "count": 1,
            "self": 0.14544690000000005
        },
        "TrainerController.start_learning": {
            "total": 309.4452995,
            "count": 1,
            "self": 1.2549493000021243,
            "children": {
                "TrainerController._reset_env": {
                    "total": 10.278845200000001,
                    "count": 1,
                    "self": 10.278845200000001
                },
                "TrainerController.advance": {
                    "total": 297.7079709999978,
                    "count": 43425,
                    "self": 0.6668148999987125,
                    "children": {
                        "env_step": {
                            "total": 297.0411560999991,
                            "count": 43425,
                            "self": 160.84644219999686,
                            "children": {
                                "SubprocessEnvManager._take_step": {
                                    "total": 135.5346522000018,
                                    "count": 43425,
                                    "self": 3.406613600004391,
                                    "children": {
                                        "TorchPolicy.evaluate": {
                                            "total": 132.1280385999974,
                                            "count": 43425,
                                            "self": 51.6854325000003,
                                            "children": {
                                                "TorchPolicy.sample_actions": {
                                                    "total": 80.4426060999971,
                                                    "count": 43425,
                                                    "self": 80.4426060999971
                                                }
                                            }
                                        }
                                    }
                                },
                                "workers": {
                                    "total": 0.6600617000004494,
                                    "count": 43424,
                                    "self": 0.0,
                                    "children": {
                                        "worker_root": {
                                            "total": 299.31424780000265,
                                            "count": 43424,
                                            "is_parallel": true,