{
    "name": "root",
    "gauges": {
        "MoveToTarget.Policy.Entropy.mean": {
            "value": 1.1714259386062622,
            "min": 1.1714259386062622,
            "max": 1.3816291093826294,
            "count": 17
        },
        "MoveToTarget.Policy.Entropy.sum": {
            "value": 2259.6806640625,
            "min": 2259.6806640625,
            "max": 3005.173828125,
            "count": 17
        },
        "MoveToTarget.Environment.EpisodeLength.mean": {
            "value": 166.4,
            "min": 21.61111111111111,
            "max": 439.5,
            "count": 17
        },
        "MoveToTarget.Environment.EpisodeLength.sum": {
            "value": 1664.0,
            "min": 1564.0,
            "max": 2583.0,
            "count": 17
        },
        "MoveToTarget.Step.mean": {
            "value": 33854.0,
            "min": 1991.0,
            "max": 33854.0,
            "count": 17
        },
        "MoveToTarget.Step.sum": {
            "value": 33854.0,
            "min": 1991.0,
            "max": 33854.0,
            "count": 17
        },
        "MoveToTarget.Policy.ExtrinsicValueEstimate.mean": {
            "value": 0.0739985778927803,
            "min": -0.2217230498790741,
            "max": 5.331489086151123,
            "count": 17
        },
        "MoveToTarget.Policy.ExtrinsicValueEstimate.sum": {
            "value": 1.2579758167266846,
            "min": -3.325845718383789,
            "max": 471.7164001464844,
            "count": 17
        },
        "MoveToTarget.Environment.CumulativeReward.mean": {
            "value": -2.6739999532699583,
            "min": -5.404999792575836,
            "max": -1.223707829968313,
            "count": 17
        },
        "MoveToTarget.Environment.CumulativeReward.sum": {
            "value": -26.739999532699585,
            "min": -108.90999686717987,
            "max": -21.22999942302704,
            "count": 17
        },
        "MoveToTarget.Policy.ExtrinsicReward.mean": {
            "value": -2.6739999532699583,
            "min": -5.404999792575836,
            "max": -1.223707829968313,
            "count": 17
        },
        "MoveToTarget.Policy.ExtrinsicReward.sum": {
            "value": -26.739999532699585,
            "min": -108.90999686717987,
            "max": -21.22999942302704,
            "count": 17
        },
        "MoveToTarget.IsTraining.mean": {
            "value": 1.0,
            "min": 1.0,
            "max": 1.0,
            "count": 17
        },
        "MoveToTarget.IsTraining.sum": {
            "value": 1.0,
            "min": 1.0,
            "max": 1.0,
            "count": 17
        },
        "MoveToTarget.Losses.PolicyLoss.mean": {
            "value": 0.038790954639100365,
            "min": 0.02285831660653154,
            "max": 0.038790954639100365,
            "count": 6
        },
        "MoveToTarget.Losses.PolicyLoss.sum": {
            "value": 0.038790954639100365,
            "min": 0.02285831660653154,
            "max": 0.038790954639100365,
            "count": 6
        },
        "MoveToTarget.Losses.ValueLoss.mean": {
            "value": 0.019900886341929436,
            "min": 0.01848427578806877,
            "max": 2.636662567103351,
            "count": 6
        },
        "MoveToTarget.Losses.ValueLoss.sum": {
            "value": 0.019900886341929436,
            "min": 0.01848427578806877,
            "max": 2.636662567103351,
            "count": 6
        },
        "MoveToTarget.Policy.LearningRate.mean": {
            "value": 0.0002907573030809,
            "min": 0.0002907573030809,
            "max": 0.0002984979005007,
            "count": 6
        },
        "MoveToTarget.Policy.LearningRate.sum": {
            "value": 0.0002907573030809,
            "min": 0.0002907573030809,
            "max": 0.0002984979005007,
            "count": 6
        },
        "MoveToTarget.Policy.Epsilon.mean": {
            "value": 0.19691909999999999,
            "min": 0.19691909999999999,
            "max": 0.19949930000000005,
            "count": 6
        },
        "MoveToTarget.Policy.Epsilon.sum": {
            "value": 0.19691909999999999,
            "min": 0.19691909999999999,
            "max": 0.19949930000000005,
            "count": 6
        },
        "MoveToTarget.Policy.Beta.mean": {
            "value": 0.0048462630900000005,
            "min": 0.0048462630900000005,
            "max": 0.00497501507,
            "count": 6
        },
        "MoveToTarget.Policy.Beta.sum": {
            "value": 0.0048462630900000005,
            "min": 0.0048462630900000005,
            "max": 0.00497501507,
            "count": 6
        }
    },
    "metadata": {
        "timer_format_version": "0.1.0",
        "start_time_seconds": "1670162682",
        "python_version": "3.7.15 (default, Nov  9 2022, 10:44:37) [MSC v.1916 64 bit (AMD64)]",
        "command_line_arguments": "C:\\Users\\molna\\anaconda3\\envs\\unity\\Scripts\\mlagents-learn MoveToTarget.yaml --run-id=targetcollc4",
        "mlagents_version": "0.28.0",
        "mlagents_envs_version": "0.28.0",
        "communication_protocol_version": "1.5.0",
        "pytorch_version": "1.7.1+cu110",
        "numpy_version": "1.21.6",
        "end_time_seconds": "1670162972"
    },
    "total": 290.01280890000004,
    "count": 1,
    "self": 0.010133399999972426,
    "children": {
        "run_training.setup": {
            "total": 0.15159719999999988,
            "count": 1,
            "self": 0.15159719999999988
        },
        "TrainerController.start_learning": {
            "total": 289.85107830000004,
            "count": 1,
            "self": 1.0538829999998143,
            "children": {
                "TrainerController._reset_env": {
                    "total": 9.6416693,
                    "count": 1,
                    "self": 9.6416693
                },
                "TrainerController.advance": {
                    "total": 278.99206250000026,
                    "count": 35525,
                    "self": 0.5520328999990056,
                    "children": {
                        "env_step": {
                            "total": 278.44002960000125,
                            "count": 35525,
                            "self": 155.73594380000347,
                            "children": {
                                "SubprocessEnvManager._take_step": {
                                    "total": 122.14284689999947,
                                    "count": 35525,
                                    "self": 2.8190989999955605,
                                    "children": {
                                        "TorchPolicy.evaluate": {
                                            "total": 119.32374790000391,
                                            "count": 35525,
                                            "self": 49.55408699999924,
                                            "children": {
                                                "TorchPolicy.sample_actions": {
                                                    "total": 69.76966090000467,
                                                    "count": 35525,
                                                    "self": 69.76966090000467
                                                }
                                            }
                                        }
                                    }
                                },
                                "workers": {
                                    "total": 0.5612388999983207,
                                    "count": 35524,
                                    "self": 0.0,
                                    "children": {
                                        "worker_root": {
                                            "total": 280.53035460000285,
                                            "count": 35524,