{
    "name": "root",
    "gauges": {
        "MoveToTarget.Policy.Entropy.mean": {
            "value": 1.251608967781067,
            "min": 1.248502492904663,
            "max": 1.2569845914840698,
            "count": 9
        },
        "MoveToTarget.Policy.Entropy.sum": {
            "value": 1266.6282958984375,
            "min": 1127.51513671875,
            "max": 1437.513916015625,
            "count": 9
        },
        "MoveToTarget.Environment.EpisodeLength.mean": {
            "value": 201.4,
            "min": 169.16666666666666,
            "max": 214.8,
            "count": 9
        },
        "MoveToTarget.Environment.EpisodeLength.sum": {
            "value": 1007.0,
            "min": 894.0,
            "max": 1140.0,
            "count": 9
        },
        "MoveToTarget.Step.mean": {
            "value": 8908.0,
            "min": 831.0,
            "max": 8908.0,
            "count": 9
        },
        "MoveToTarget.Step.sum": {
            "value": 8908.0,
            "min": 831.0,
            "max": 8908.0,
            "count": 9
        },
        "MoveToTarget.Policy.ExtrinsicValueEstimate.mean": {
            "value": 8.750459671020508,
            "min": 8.265558242797852,
            "max": 8.779053688049316,
            "count": 9
        },
        "MoveToTarget.Policy.ExtrinsicValueEstimate.sum": {
            "value": 43.752296447753906,
            "min": 41.327789306640625,
            "max": 52.67432403564453,
            "count": 9
        },
        "MoveToTarget.Environment.CumulativeReward.mean": {
            "value": -3.1939998149871824,
            "min": -3.391999912261963,
            "max": -2.941999816894531,
            "count": 9
        },
        "MoveToTarget.Environment.CumulativeReward.sum": {
            "value": -15.969999074935913,
            "min": -19.459998846054077,
            "max": -14.709999084472656,
            "count": 9
        },
        "MoveToTarget.Policy.ExtrinsicReward.mean": {
            "value": -3.1939998149871824,
            "min": -3.391999912261963,
            "max": -2.941999816894531,
            "count": 9
        },
        "MoveToTarget.Policy.ExtrinsicReward.sum": {
            "value": -15.969999074935913,
            "min": -19.459998846054077,
            "max": -14.709999084472656,
            "count": 9
        },
        "MoveToTarget.IsTraining.mean": {
            "value": 1.0,
            "min": 1.0,
            "max": 1.0,
            "count": 9
        },
        "MoveToTarget.IsTraining.sum": {
            "value": 1.0,
            "min": 1.0,
            "max": 1.0,
            "count": 9
        }
    },
    "metadata": {
        "timer_format_version": "0.1.0",
        "start_time_seconds": "1670452793",
        "python_version": "3.7.15 (default, Nov  9 2022, 10:44:37) [MSC v.1916 64 bit (AMD64)]",
        "command_line_arguments": "C:\\Users\\molna\\anaconda3\\envs\\unity\\Scripts\\mlagents-learn MoveToTarget.yaml --run-id=speedtesting12",
        "mlagents_version": "0.28.0",
        "mlagents_envs_version": "0.28.0",
        "communication_protocol_version": "1.5.0",
        "pytorch_version": "1.7.1+cu110",
        "numpy_version": "1.21.6",
        "end_time_seconds": "1670452891"
    },
    "total": 97.78517550000001,
    "count": 1,
    "self": 0.010366700000005835,
    "children": {
        "run_training.setup": {
            "total": 0.17438030000000015,
            "count": 1,
            "self": 0.17438030000000015
        },
        "TrainerController.start_learning": {
            "total": 97.6004285,
            "count": 1,
            "self": 0.3277872999996987,
            "children": {
                "TrainerController._reset_env": {
                    "total": 14.253709399999998,
                    "count": 1,
                    "self": 14.253709399999998
                },
                "TrainerController.advance": {
                    "total": 82.79344600000032,
                    "count": 9748,
                    "self": 0.1586939000003298,
                    "children": {
                        "env_step": {
                            "total": 82.63475209999999,
                            "count": 9748,
                            "self": 49.167927899998986,
                            "children": {
                                "SubprocessEnvManager._take_step": {
                                    "total": 33.30562770000094,
                                    "count": 9748,
                                    "self": 0.9206957000005502,
                                    "children": {
                                        "TorchPolicy.evaluate": {
                                            "total": 32.38493200000039,
                                            "count": 9748,
                                            "self": 12.864863100000125,
                                            "children": {
                                                "TorchPolicy.sample_actions": {
                                                    "total": 19.520068900000265,
                                                    "count": 9748,
                                                    "self": 19.520068900000265
                                                }
                                            }
                                        }
                                    }
                                },
                                "workers": {
                                    "total": 0.16119650000006303,
                                    "count": 9747,
                                    "self": 0.0,
                                    "children": {
                                        "worker_root": {
                                            "total": 84.50954229999996,
                                            "count": 9747,
                                            "is_parallel": true,
                                            "self": 47.352994499999774,
                                            "children": {
                                                "steps_from_proto": {
                                                    "total": 0.000524000000000413,
                                                    "count": 1,
                                                    "is_parallel": true,
                                                    "self": 0.0002928999999998183,
                                                    "children": {
                                                        "_process_rank_one_or_two_observation": {
                                                            "total": 0.00023110000000059472,
                                                            "count": 4,
                                                            "is_parallel": true,
                                                            "self": 0.00023110000000059472
                                                        }
                                                    }
                                                },
                                                "UnityEnvironment.step": {
                                                    "total": 37.15602380000019,
                                                    "count": 9747,
                                                    "is_parallel": true,
                                                    "self": 1.0618014999996674,
                                                    "children": {
                                                        "UnityEnvironment._generate_step_input": {
                                                            "total": 0.911532000000344,
                                                            "count": 9747,
                                                            "is_parallel": true,