{
    "name": "root",
    "gauges": {
        "MoveToTarget.Policy.Entropy.mean": {
            "value": 1.3665060997009277,
            "min": 1.3665060997009277,
            "max": 1.3665060997009277,
            "count": 1
        },
        "MoveToTarget.Policy.Entropy.sum": {
            "value": 2809.53662109375,
            "min": 2809.53662109375,
            "max": 2809.53662109375,
            "count": 1
        },
        "MoveToTarget.Step.mean": {
            "value": 1985.0,
            "min": 1985.0,
            "max": 1985.0,
            "count": 1
        },
        "MoveToTarget.Step.sum": {
            "value": 1985.0,
            "min": 1985.0,
            "max": 1985.0,
            "count": 1
        },
        "MoveToTarget.Policy.ExtrinsicValueEstimate.mean": {
            "value": 5.633073806762695,
            "min": 5.633073806762695,
            "max": 5.633073806762695,
            "count": 1
        },
        "MoveToTarget.Policy.ExtrinsicValueEstimate.sum": {
            "value": 45.06459045410156,
            "min": 45.06459045410156,
            "max": 45.06459045410156,
            "count": 1
        },
        "MoveToTarget.Environment.EpisodeLength.mean": {
            "value": 684.3333333333334,
            "min": 684.3333333333334,
            "max": 684.3333333333334,
            "count": 1
        },
        "MoveToTarget.Environment.EpisodeLength.sum": {
            "value": 2053.0,
            "min": 2053.0,
            "max": 2053.0,
            "count": 1
        },
        "MoveToTarget.Environment.CumulativeReward.mean": {
            "value": -10.424999475479126,
            "min": -10.424999475479126,
            "max": -10.424999475479126,
            "count": 1
        },
        "MoveToTarget.Environment.CumulativeReward.sum": {
            "value": -20.849998950958252,
            "min": -20.849998950958252,
            "max": -20.849998950958252,
            "count": 1
        },
        "MoveToTarget.Policy.ExtrinsicReward.mean": {
            "value": -10.424999475479126,
            "min": -10.424999475479126,
            "max": -10.424999475479126,
            "count": 1
        },
        "MoveToTarget.Policy.ExtrinsicReward.sum": {
            "value": -20.849998950958252,
            "min": -20.849998950958252,
            "max": -20.849998950958252,
            "count": 1
        },
        "MoveToTarget.IsTraining.mean": {
            "value": 1.0,
            "min": 1.0,
            "max": 1.0,
            "count": 1
        },
        "MoveToTarget.IsTraining.sum": {
            "value": 1.0,
            "min": 1.0,
            "max": 1.0,
            "count": 1
        }
    },
    "metadata": {
        "timer_format_version": "0.1.0",
        "start_time_seconds": "1670174312",
        "python_version": "3.7.15 (default, Nov  9 2022, 10:44:37) [MSC v.1916 64 bit (AMD64)]",
        "command_line_arguments": "C:\\Users\\molna\\anaconda3\\envs\\unity\\Scripts\\mlagents-learn MoveToTarget.yaml --run-id=swnotrewarded1",
        "mlagents_version": "0.28.0",
        "mlagents_envs_version": "0.28.0",
        "communication_protocol_version": "1.5.0",
        "pytorch_version": "1.7.1+cu110",
        "numpy_version": "1.21.6",
        "end_time_seconds": "1670174355"
    },
    "total": 43.5608757,
    "count": 1,
    "self": 0.5597414999999941,
    "children": {
        "run_training.setup": {
            "total": 0.13378249999999992,
            "count": 1,
            "self": 0.13378249999999992
        },
        "TrainerController.start_learning": {
            "total": 42.8673517,
            "count": 1,
            "self": 0.09343290000013127,
            "children": {
                "TrainerController._reset_env": {
                    "total": 16.0950555,
                    "count": 1,
                    "self": 16.0950555
                },
                "TrainerController.advance": {
                    "total": 26.57424069999987,
                    "count": 2734,
                    "self": 0.04135219999993822,
                    "children": {
                        "env_step": {
                            "total": 26.53288849999993,
                            "count": 2734,
                            "self": 15.766725400000219,
                            "children": {
                                "SubprocessEnvManager._take_step": {
                                    "total": 10.725255699999728,
                                    "count": 2734,
                                    "self": 0.22257320000001357,
                                    "children": {
                                        "TorchPolicy.evaluate": {
                                            "total": 10.502682499999715,
                                            "count": 2734,
                                            "self": 4.565552999999607,
                                            "children": {
                                                "TorchPolicy.sample_actions": {
                                                    "total": 5.937129500000108,
                                                    "count": 2734,
                                                    "self": 5.937129500000108
                                                }
                                            }
                                        }
                                    }
                                },
                                "workers": {
                                    "total": 0.04090739999998405,
                                    "count": 2733,
                                    "self": 0.0,
                                    "children": {
                                        "worker_root": {
                                            "total": 25.527865099999893,
                                            "count": 2733,
                                            "is_parallel": true,
                                            "self": 15.486915399999654,
                                            "children": {
                                                "steps_from_proto": {
                                                    "total": 0.0006335000000010638,
                                                    "count": 1,
                                                    "is_parallel": true,
                                                    "self": 0.00037640000000038754,
                                                    "children": {
                                                        "_process_rank_one_or_two_observation": {
                                                            "total": 0.00025710000000067623,
                                                            "count": 4,
                                                            "is_parallel": true,
                                                            "self": 0.00025710000000067623
                                                        }
                                                    }
                                                },
                                                "UnityEnvironment.step": {
                                                    "total": 10.040316200000238,
                                                    "count": 2733,
                                                    "is_parallel": true,
                                                    "self": 0.27371710000008065,
                                                    "children": {
                                                        "UnityEnvironment._generate_step_input": {
                                                            "total": 0.2452308000000727,
                                                            "count": 2733,
                                                            "is_parallel": true,