{
    "name": "root",
    "gauges": {
        "MoveToTarget.Policy.Entropy.mean": {
            "value": 1.3862888813018799,
            "min": 1.3862738609313965,
            "max": 1.386289119720459,
            "count": 5
        },
        "MoveToTarget.Policy.Entropy.sum": {
            "value": 6927.28564453125,
            "min": 6899.56103515625,
            "max": 6968.86328125,
            "count": 5
        },
        "MoveToTarget.Step.mean": {
            "value": 24970.0,
            "min": 4971.0,
            "max": 24970.0,
            "count": 5
        },
        "MoveToTarget.Step.sum": {
            "value": 24970.0,
            "min": 4971.0,
            "max": 24970.0,
            "count": 5
        },
        "MoveToTarget.Policy.ExtrinsicValueEstimate.mean": {
            "value": 0.015442226082086563,
            "min": -0.002025950001552701,
            "max": 0.016140352934598923,
            "count": 5
        },
        "MoveToTarget.Policy.ExtrinsicValueEstimate.sum": {
            "value": 2.4861984252929688,
            "min": -0.3342817425727844,
            "max": 2.550175666809082,
            "count": 5
        },
        "MoveToTarget.Policy.CuriosityValueEstimate.mean": {
            "value": 0.0012903552269563079,
            "min": -0.008492991328239441,
            "max": 0.01005527749657631,
            "count": 5
        },
        "MoveToTarget.Policy.CuriosityValueEstimate.sum": {
            "value": 0.2077471911907196,
            "min": -1.3418926000595093,
            "max": 1.659120798110962,
            "count": 5
        },
        "MoveToTarget.Environment.EpisodeLength.mean": {
            "value": 447.5833333333333,
            "min": 366.0,
            "max": 757.3333333333334,
            "count": 5
        },
        "MoveToTarget.Environment.EpisodeLength.sum": {
            "value": 5371.0,
            "min": 4544.0,
            "max": 5490.0,
            "count": 5
        },
        "MoveToTarget.Environment.CumulativeReward.mean": {
            "value": -6.339999750256538,
            "min": -10.16666611780723,
            "max": -5.719999700784683,
            "count": 5
        },
        "MoveToTarget.Environment.CumulativeReward.sum": {
            "value": -76.07999700307846,
            "min": -85.79999551177025,
            "max": -60.999996706843376,
            "count": 5
        },
        "MoveToTarget.Policy.ExtrinsicReward.mean": {
            "value": -6.339999750256538,
            "min": -10.16666611780723,
            "max": -5.719999700784683,
            "count": 5
        },
        "MoveToTarget.Policy.ExtrinsicReward.sum": {
            "value": -76.07999700307846,
            "min": -85.79999551177025,
            "max": -60.999996706843376,
            "count": 5
        },
        "MoveToTarget.Policy.CuriosityReward.mean": {
            "value": 0.0,
            "min": 0.0,
            "max": 0.0,
            "count": 5
        },
        "MoveToTarget.Policy.CuriosityReward.sum": {
            "value": 0.0,
            "min": 0.0,
            "max": 0.0,
            "count": 5
        },
        "MoveToTarget.IsTraining.mean": {
            "value": 1.0,
            "min": 1.0,
            "max": 1.0,
            "count": 5
        },
        "MoveToTarget.IsTraining.sum": {
            "value": 1.0,
            "min": 1.0,
            "max": 1.0,
            "count": 5
        }
    },
    "metadata": {
        "timer_format_version": "0.1.0",
        "start_time_seconds": "1670446762",
        "python_version": "3.7.15 (default, Nov  9 2022, 10:44:37) [MSC v.1916 64 bit (AMD64)]",
        "command_line_arguments": "C:\\Users\\molna\\anaconda3\\envs\\unity\\Scripts\\mlagents-learn MoveToTarget.yaml --run-id=straighttojail3",
        "mlagents_version": "0.28.0",
        "mlagents_envs_version": "0.28.0",
        "communication_protocol_version": "1.5.0",
        "pytorch_version": "1.7.1+cu110",
        "numpy_version": "1.21.6",
        "end_time_seconds": "1670446960"
    },
    "total": 198.0605406,
    "count": 1,
    "self": 0.010997899999978245,
    "children": {
        "run_training.setup": {
            "total": 0.1601615999999999,
            "count": 1,
            "self": 0.1601615999999999
        },
        "TrainerController.start_learning": {
            "total": 197.8893811,
            "count": 1,
            "self": 0.9208826000009083,
            "children": {
                "TrainerController._reset_env": {
                    "total": 17.620086699999998,
                    "count": 1,
                    "self": 17.620086699999998
                },
                "TrainerController.advance": {
                    "total": 179.0692630999991,
                    "count": 29530,
                    "self": 0.4913346999990722,
                    "children": {
                        "env_step": {
                            "total": 178.57792840000002,
                            "count": 29530,
                            "self": 129.4280738999994,
                            "children": {
                                "SubprocessEnvManager._take_step": {
                                    "total": 48.67468309999941,
                                    "count": 29530,
                                    "self": 2.164061299999844,
                                    "children": {
                                        "TorchPolicy.evaluate": {
                                            "total": 46.51062179999957,
                                            "count": 29530,
                                            "self": 10.746767599997838,
                                            "children": {
                                                "TorchPolicy.sample_actions": {
                                                    "total": 35.76385420000173,
                                                    "count": 29529,
                                                    "self": 35.76385420000173
                                                }
                                            }
                                        }
                                    }
                                },
                                "workers": {
                                    "total": 0.4751714000012015,
                                    "count": 29529,
                                    "self": 0.0,
                                    "children": {
                                        "worker_root": {
                                            "total": 179.00256609999994,
                                            "count": 29529,
                                            "is_parallel": true,
                                            "self": 84.993731599999,
                                            "children": {
                                                "steps_from_proto": {
                                                    "total": 0.0007550000000016155,
                                                    "count": 1,
                                                    "is_parallel": true,
                                                    "self": 0.00040530000000416067,
                                                    "children": {
                                                        "_process_rank_one_or_two_observation": {
                                                            "total": 0.0003496999999974548,
                                                            "count": 4,
                                                            "is_parallel": true,
                                                            "self": 0.0003496999999974548
                                                        }
                                                    }
                                                },