{
    "name": "root",
    "gauges": {
        "MoveToTarget.Policy.Entropy.mean": {
            "value": 1.384293556213379,
            "min": 1.384293556213379,
            "max": 1.3862875699996948,
            "count": 11
        },
        "MoveToTarget.Policy.Entropy.sum": {
            "value": 6902.087890625,
            "min": 6902.087890625,
            "max": 6964.689453125,
            "count": 11
        },
        "MoveToTarget.Step.mean": {
            "value": 54968.0,
            "min": 4982.0,
            "max": 54968.0,
            "count": 11
        },
        "MoveToTarget.Step.sum": {
            "value": 54968.0,
            "min": 4982.0,
            "max": 54968.0,
            "count": 11
        },
        "MoveToTarget.Policy.ExtrinsicValueEstimate.mean": {
            "value": -0.07899290323257446,
            "min": -0.07899290323257446,
            "max": 0.015822939574718475,
            "count": 11
        },
        "MoveToTarget.Policy.ExtrinsicValueEstimate.sum": {
            "value": -12.559871673583984,
            "min": -12.559871673583984,
            "max": 2.579139232635498,
            "count": 11
        },
        "MoveToTarget.Policy.CuriosityValueEstimate.mean": {
            "value": 0.0031067579984664917,
            "min": 0.0005493887001648545,
            "max": 0.007666486781090498,
            "count": 11
        },
        "MoveToTarget.Policy.CuriosityValueEstimate.sum": {
            "value": 0.493974506855011,
            "min": 0.08900097012519836,
            "max": 1.2496373653411865,
            "count": 11
        },
        "MoveToTarget.Environment.EpisodeLength.mean": {
            "value": 582.25,
            "min": 305.375,
            "max": 679.7142857142857,
            "count": 11
        },
        "MoveToTarget.Environment.EpisodeLength.sum": {
            "value": 4658.0,
            "min": 4399.0,
            "max": 5548.0,
            "count": 11
        },
        "MoveToTarget.Environment.CumulativeReward.mean": {
            "value": -7.219999821856618,
            "min": -8.357142716646194,
            "max": -4.157499922439456,
            "count": 11
        },
        "MoveToTarget.Environment.CumulativeReward.sum": {
            "value": -57.75999857485294,
            "min": -71.76999831199646,
            "max": -52.559999108314514,
            "count": 11
        },
        "MoveToTarget.Policy.ExtrinsicReward.mean": {
            "value": -7.219999821856618,
            "min": -8.357142716646194,
            "max": -4.157499922439456,
            "count": 11
        },
        "MoveToTarget.Policy.ExtrinsicReward.sum": {
            "value": -57.75999857485294,
            "min": -71.76999831199646,
            "max": -52.559999108314514,
            "count": 11
        },
        "MoveToTarget.Policy.CuriosityReward.mean": {
            "value": 243.24349687993526,
            "min": 0.0,
            "max": 243.24349687993526,
            "count": 11
        },
        "MoveToTarget.Policy.CuriosityReward.sum": {
            "value": 1945.9479750394821,
            "min": 0.0,
            "max": 1945.9479750394821,
            "count": 11
        },
        "MoveToTarget.IsTraining.mean": {
            "value": 1.0,
            "min": 1.0,
            "max": 1.0,
            "count": 11
        },
        "MoveToTarget.IsTraining.sum": {
            "value": 1.0,
            "min": 1.0,
            "max": 1.0,
            "count": 11
        },
        "MoveToTarget.Losses.PolicyLoss.mean": {
            "value": 0.01874675057964244,
            "min": 0.01874675057964244,
            "max": 0.01874675057964244,
            "count": 1
        },
        "MoveToTarget.Losses.PolicyLoss.sum": {
            "value": 0.01874675057964244,
            "min": 0.01874675057964244,
            "max": 0.01874675057964244,
            "count": 1
        },
        "MoveToTarget.Losses.ValueLoss.mean": {
            "value": 0.0035026469057710427,
            "min": 0.0035026469057710427,
            "max": 0.0035026469057710427,
            "count": 1
        },
        "MoveToTarget.Losses.ValueLoss.sum": {
            "value": 0.0035026469057710427,
            "min": 0.0035026469057710427,
            "max": 0.0035026469057710427,
            "count": 1
        },
        "MoveToTarget.Policy.LearningRate.mean": {
            "value": 9.49986050014e-05,
            "min": 9.49986050014e-05,
            "max": 9.49986050014e-05,
            "count": 1
        },
        "MoveToTarget.Policy.LearningRate.sum": {
            "value": 9.49986050014e-05,
            "min": 9.49986050014e-05,
            "max": 9.49986050014e-05,
            "count": 1
        },
        "MoveToTarget.Policy.Epsilon.mean": {
            "value": 0.19499860000000002,
            "min": 0.19499860000000002,
            "max": 0.19499860000000002,
            "count": 1
        },
        "MoveToTarget.Policy.Epsilon.sum": {
            "value": 0.19499860000000002,
            "min": 0.19499860000000002,
            "max": 0.19499860000000002,
            "count": 1
        },
        "MoveToTarget.Policy.Beta.mean": {
            "value": 0.00475043014,
            "min": 0.00475043014,
            "max": 0.00475043014,
            "count": 1
        },
        "MoveToTarget.Policy.Beta.sum": {
            "value": 0.00475043014,
            "min": 0.00475043014,
            "max": 0.00475043014,
            "count": 1
        },
        "MoveToTarget.Losses.CuriosityForwardLoss.mean": {
            "value": 1377.8981191317241,
            "min": 1377.8981191317241,
            "max": 1377.8981191317241,
            "count": 1
        },
        "MoveToTarget.Losses.CuriosityForwardLoss.sum": {
            "value": 1377.8981191317241,
            "min": 1377.8981191317241,
            "max": 1377.8981191317241,
            "count": 1
        },
        "MoveToTarget.Losses.CuriosityInverseLoss.mean": {
            "value": 1.5834612978829279,
            "min": 1.5834612978829279,
            "max": 1.5834612978829279,
            "count": 1
        },
        "MoveToTarget.Losses.CuriosityInverseLoss.sum": {
            "value": 1.5834612978829279,
            "min": 1.5834612978829279,
            "max": 1.5834612978829279,
            "count": 1
        }
    },
    "metadata": {
        "timer_format_version": "0.1.0",
        "start_time_seconds": "1670445388",
        "python_version": "3.7.15 (default, Nov  9 2022, 10:44:37) [MSC v.1916 64 bit (AMD64)]",
        "command_line_arguments": "C:\\Users\\molna\\anaconda3\\envs\\unity\\Scripts\\mlagents-learn MoveToTarget.yaml --run-id=rewardchanges152626224",
        "mlagents_version": "0.28.0",
        "mlagents_envs_version": "0.28.0",
        "communication_protocol_version": "1.5.0",
        "pytorch_version": "1.7.1+cu110",
        "numpy_version": "1.21.6",
        "end_time_seconds": "1670445771"
    },
    "total": 382.4094268,
    "count": 1,
    "self": 0.009926100000029692,
    "children": {
        "run_training.setup": {
            "total": 0.1513076,
            "count": 1,
            "self": 0.1513076
        },
        "TrainerController.start_learning": {
            "total": 382.2481931,
            "count": 1,
            "self": 1.680324200001678,
            "children": {
                "TrainerController._reset_env": {
                    "total": 15.0273905,
                    "count": 1,
                    "self": 15.0273905
                },
                "TrainerController.advance": {
                    "total": 365.2997587999983,
                    "count": 56011,
                    "self": 0.8918818999930522,
                    "children": {
                        "env_step": {
                            "total": 364.40787690000525,
                            "count": 56011,
                            "self": 269.80099570001016,