{
    "name": "root",
    "gauges": {
        "MoveToTarget.Policy.Entropy.mean": {
            "value": 1.3192609548568726,
            "min": 1.3192609548568726,
            "max": 1.3215266466140747,
            "count": 2
        },
        "MoveToTarget.Policy.Entropy.sum": {
            "value": 2447.22900390625,
            "min": 2447.22900390625,
            "max": 2928.5029296875,
            "count": 2
        },
        "MoveToTarget.Step.mean": {
            "value": 3995.0,
            "min": 1960.0,
            "max": 3995.0,
            "count": 2
        },
        "MoveToTarget.Step.sum": {
            "value": 3995.0,
            "min": 1960.0,
            "max": 3995.0,
            "count": 2
        },
        "MoveToTarget.Policy.ExtrinsicValueEstimate.mean": {
            "value": 11.33237361907959,
            "min": 11.329980850219727,
            "max": 11.33237361907959,
            "count": 2
        },
        "MoveToTarget.Policy.ExtrinsicValueEstimate.sum": {
            "value": 113.32373809814453,
            "min": 113.29981231689453,
            "max": 113.32373809814453,
            "count": 2
        },
        "MoveToTarget.Environment.EpisodeLength.mean": {
            "value": 421.2,
            "min": 391.0,
            "max": 421.2,
            "count": 2
        },
        "MoveToTarget.Environment.EpisodeLength.sum": {
            "value": 2106.0,
            "min": 1955.0,
            "max": 2106.0,
            "count": 2
        },
        "MoveToTarget.Environment.CumulativeReward.mean": {
            "value": -5.284999907016754,
            "min": -5.284999907016754,
            "max": -4.671999835968018,
            "count": 2
        },
        "MoveToTarget.Environment.CumulativeReward.sum": {
            "value": -21.139999628067017,
            "min": -23.359999179840088,
            "max": -21.139999628067017,
            "count": 2
        },
        "MoveToTarget.Policy.ExtrinsicReward.mean": {
            "value": -5.284999907016754,
            "min": -5.284999907016754,
            "max": -4.671999835968018,
            "count": 2
        },
        "MoveToTarget.Policy.ExtrinsicReward.sum": {
            "value": -21.139999628067017,
            "min": -23.359999179840088,
            "max": -21.139999628067017,
            "count": 2
        },
        "MoveToTarget.IsTraining.mean": {
            "value": 1.0,
            "min": 1.0,
            "max": 1.0,
            "count": 2
        },
        "MoveToTarget.IsTraining.sum": {
            "value": 1.0,
            "min": 1.0,
            "max": 1.0,
            "count": 2
        }
    },
    "metadata": {
        "timer_format_version": "0.1.0",
        "start_time_seconds": "1670172754",
        "python_version": "3.7.15 (default, Nov  9 2022, 10:44:37) [MSC v.1916 64 bit (AMD64)]",
        "command_line_arguments": "C:\\Users\\molna\\anaconda3\\envs\\unity\\Scripts\\mlagents-learn MoveToTarget.yaml --run-id=nemtommar3",
        "mlagents_version": "0.28.0",
        "mlagents_envs_version": "0.28.0",
        "communication_protocol_version": "1.5.0",
        "pytorch_version": "1.7.1+cu110",
        "numpy_version": "1.21.6",
        "end_time_seconds": "1670172814"
    },
    "total": 60.0452822,
    "count": 1,
    "self": 0.008392900000004033,
    "children": {
        "run_training.setup": {
            "total": 0.14827289999999982,
            "count": 1,
            "self": 0.14827289999999982
        },
        "TrainerController.start_learning": {
            "total": 59.8886164,
            "count": 1,
            "self": 0.1414007999999498,
            "children": {
                "TrainerController._reset_env": {
                    "total": 16.9469931,
                    "count": 1,
                    "self": 16.9469931
                },
                "TrainerController.advance": {
                    "total": 42.683481800000045,
                    "count": 4734,
                    "self": 0.07088420000031448,
                    "children": {
                        "env_step": {
                            "total": 42.61259759999973,
                            "count": 4734,
                            "self": 22.586949899999595,
                            "children": {
                                "SubprocessEnvManager._take_step": {
                                    "total": 19.95513740000016,
                                    "count": 4734,
                                    "self": 0.3857031999999734,
                                    "children": {
                                        "TorchPolicy.evaluate": {
                                            "total": 19.569434200000188,
                                            "count": 4734,
                                            "self": 9.165743800000214,
                                            "children": {
                                                "TorchPolicy.sample_actions": {
                                                    "total": 10.403690399999974,
                                                    "count": 4734,
                                                    "self": 10.403690399999974
                                                }
                                            }
                                        }
                                    }
                                },
                                "workers": {
                                    "total": 0.07051029999997382,
                                    "count": 4733,
                                    "self": 0.0,
                                    "children": {
                                        "worker_root": {
                                            "total": 40.709841699999956,
                                            "count": 4733,
                                            "is_parallel": true,
                                            "self": 27.009410700000057,
                                            "children": {
                                                "steps_from_proto": {
                                                    "total": 0.0007158999999994364,
                                                    "count": 1,
                                                    "is_parallel": true,
                                                    "self": 0.0004191000000002276,
                                                    "children": {
                                                        "_process_rank_one_or_two_observation": {
                                                            "total": 0.0002967999999992088,
                                                            "count": 4,
                                                            "is_parallel": true,
                                                            "self": 0.0002967999999992088
                                                        }
                                                    }
                                                },
                                                "UnityEnvironment.step": {
                                                    "total": 13.6997150999999,
                                                    "count": 4733,
                                                    "is_parallel": true,
                                                    "self": 0.46975879999988024,
                                                    "children": {
                                                        "UnityEnvironment._generate_step_input": {
                                                            "total": 0.4209427000000119,
                                                            "count": 4733,
                                                            "is_parallel": true,