{
    "name": "root",
    "gauges": {
        "MoveToTarget.Policy.Entropy.mean": {
            "value": 1.3364571332931519,
            "min": 1.3364571332931519,
            "max": 1.3364571332931519,
            "count": 1
        },
        "MoveToTarget.Policy.Entropy.sum": {
            "value": 1336.4571533203125,
            "min": 1336.4571533203125,
            "max": 1336.4571533203125,
            "count": 1
        },
        "MoveToTarget.Step.mean": {
            "value": 756.0,
            "min": 756.0,
            "max": 756.0,
            "count": 1
        },
        "MoveToTarget.Step.sum": {
            "value": 756.0,
            "min": 756.0,
            "max": 756.0,
            "count": 1
        },
        "MoveToTarget.Policy.ExtrinsicValueEstimate.mean": {
            "value": -16.74088478088379,
            "min": -16.74088478088379,
            "max": -16.74088478088379,
            "count": 1
        },
        "MoveToTarget.Policy.ExtrinsicValueEstimate.sum": {
            "value": -50.22265625,
            "min": -50.22265625,
            "max": -50.22265625,
            "count": 1
        },
        "MoveToTarget.Environment.EpisodeLength.mean": {
            "value": 499.0,
            "min": 499.0,
            "max": 499.0,
            "count": 1
        },
        "MoveToTarget.Environment.EpisodeLength.sum": {
            "value": 998.0,
            "min": 998.0,
            "max": 998.0,
            "count": 1
        },
        "MoveToTarget.Environment.CumulativeReward.mean": {
            "value": -4.799999475479126,
            "min": -4.799999475479126,
            "max": -4.799999475479126,
            "count": 1
        },
        "MoveToTarget.Environment.CumulativeReward.sum": {
            "value": -4.799999475479126,
            "min": -4.799999475479126,
            "max": -4.799999475479126,
            "count": 1
        },
        "MoveToTarget.Policy.ExtrinsicReward.mean": {
            "value": -4.799999475479126,
            "min": -4.799999475479126,
            "max": -4.799999475479126,
            "count": 1
        },
        "MoveToTarget.Policy.ExtrinsicReward.sum": {
            "value": -4.799999475479126,
            "min": -4.799999475479126,
            "max": -4.799999475479126,
            "count": 1
        },
        "MoveToTarget.IsTraining.mean": {
            "value": 1.0,
            "min": 1.0,
            "max": 1.0,
            "count": 1
        },
        "MoveToTarget.IsTraining.sum": {
            "value": 1.0,
            "min": 1.0,
            "max": 1.0,
            "count": 1
        }
    },
    "metadata": {
        "timer_format_version": "0.1.0",
        "start_time_seconds": "1670452427",
        "python_version": "3.7.15 (default, Nov  9 2022, 10:44:37) [MSC v.1916 64 bit (AMD64)]",
        "command_line_arguments": "C:\\Users\\molna\\anaconda3\\envs\\unity\\Scripts\\mlagents-learn MoveToTarget.yaml --run-id=speedtesting8",
        "mlagents_version": "0.28.0",
        "mlagents_envs_version": "0.28.0",
        "communication_protocol_version": "1.5.0",
        "pytorch_version": "1.7.1+cu110",
        "numpy_version": "1.21.6",
        "end_time_seconds": "1670452459"
    },
    "total": 31.876353799999997,
    "count": 1,
    "self": 0.010835600000000056,
    "children": {
        "run_training.setup": {
            "total": 0.16104110000000027,
            "count": 1,
            "self": 0.16104110000000027
        },
        "TrainerController.start_learning": {
            "total": 31.7044771,
            "count": 1,
            "self": 0.04591269999991354,
            "children": {
                "TrainerController._reset_env": {
                    "total": 20.6215991,
                    "count": 1,
                    "self": 20.6215991
                },
                "TrainerController.advance": {
                    "total": 10.886906000000089,
                    "count": 1191,
                    "self": 0.01954300000010889,
                    "children": {
                        "env_step": {
                            "total": 10.86736299999998,
                            "count": 1191,
                            "self": 6.642740100000047,
                            "children": {
                                "SubprocessEnvManager._take_step": {
                                    "total": 4.206527299999976,
                                    "count": 1191,
                                    "self": 0.10574060000001495,
                                    "children": {
                                        "TorchPolicy.evaluate": {
                                            "total": 4.100786699999961,
                                            "count": 1191,
                                            "self": 1.5053063000000115,
                                            "children": {
                                                "TorchPolicy.sample_actions": {
                                                    "total": 2.59548039999995,
                                                    "count": 1191,
                                                    "self": 2.59548039999995
                                                }
                                            }
                                        }
                                    }
                                },
                                "workers": {
                                    "total": 0.018095599999956136,
                                    "count": 1190,
                                    "self": 0.0,
                                    "children": {
                                        "worker_root": {
                                            "total": 12.505091500000024,
                                            "count": 1190,
                                            "is_parallel": true,
                                            "self": 7.325548000000083,
                                            "children": {
                                                "steps_from_proto": {
                                                    "total": 0.0006035000000004231,
                                                    "count": 1,
                                                    "is_parallel": true,
                                                    "self": 0.00034899999999638,
                                                    "children": {
                                                        "_process_rank_one_or_two_observation": {
                                                            "total": 0.00025450000000404316,
                                                            "count": 4,
                                                            "is_parallel": true,
                                                            "self": 0.00025450000000404316
                                                        }
                                                    }
                                                },
                                                "UnityEnvironment.step": {
                                                    "total": 5.17893999999994,
                                                    "count": 1190,
                                                    "is_parallel": true,
                                                    "self": 0.1256504000000369,
                                                    "children": {
                                                        "UnityEnvironment._generate_step_input": {
                                                            "total": 0.10951379999992383,
                                                            "count": 1190,
                                                            "is_parallel": true,