{
    "name": "root",
    "gauges": {
        "MoveToTarget.Policy.Entropy.mean": {
            "value": 1.352652907371521,
            "min": 1.352652907371521,
            "max": 1.3538568019866943,
            "count": 2
        },
        "MoveToTarget.Policy.Entropy.sum": {
            "value": 2518.6396484375,
            "min": 2518.6396484375,
            "max": 2908.08447265625,
            "count": 2
        },
        "MoveToTarget.Step.mean": {
            "value": 3753.0,
            "min": 1890.0,
            "max": 3753.0,
            "count": 2
        },
        "MoveToTarget.Step.sum": {
            "value": 3753.0,
            "min": 1890.0,
            "max": 3753.0,
            "count": 2
        },
        "MoveToTarget.Policy.ExtrinsicValueEstimate.mean": {
            "value": 2.7882890701293945,
            "min": 2.7882890701293945,
            "max": 3.139291286468506,
            "count": 2
        },
        "MoveToTarget.Policy.ExtrinsicValueEstimate.sum": {
            "value": 22.306312561035156,
            "min": 22.306312561035156,
            "max": 31.392911911010742,
            "count": 2
        },
        "MoveToTarget.Environment.EpisodeLength.mean": {
            "value": 802.5,
            "min": 325.8,
            "max": 802.5,
            "count": 2
        },
        "MoveToTarget.Environment.EpisodeLength.sum": {
            "value": 1605.0,
            "min": 1605.0,
            "max": 1629.0,
            "count": 2
        },
        "MoveToTarget.Environment.CumulativeReward.mean": {
            "value": -8.169999778270721,
            "min": -8.169999778270721,
            "max": -3.9439998149871824,
            "count": 2
        },
        "MoveToTarget.Environment.CumulativeReward.sum": {
            "value": -16.339999556541443,
            "min": -19.719999074935913,
            "max": -16.339999556541443,
            "count": 2
        },
        "MoveToTarget.Policy.ExtrinsicReward.mean": {
            "value": -8.169999778270721,
            "min": -8.169999778270721,
            "max": -3.9439998149871824,
            "count": 2
        },
        "MoveToTarget.Policy.ExtrinsicReward.sum": {
            "value": -16.339999556541443,
            "min": -19.719999074935913,
            "max": -16.339999556541443,
            "count": 2
        },
        "MoveToTarget.IsTraining.mean": {
            "value": 1.0,
            "min": 1.0,
            "max": 1.0,
            "count": 2
        },
        "MoveToTarget.IsTraining.sum": {
            "value": 1.0,
            "min": 1.0,
            "max": 1.0,
            "count": 2
        }
    },
    "metadata": {
        "timer_format_version": "0.1.0",
        "start_time_seconds": "1670173586",
        "python_version": "3.7.15 (default, Nov  9 2022, 10:44:37) [MSC v.1916 64 bit (AMD64)]",
        "command_line_arguments": "C:\\Users\\molna\\anaconda3\\envs\\unity\\Scripts\\mlagents-learn MoveToTarget.yaml --run-id=RayLayerMask_nothing1",
        "mlagents_version": "0.28.0",
        "mlagents_envs_version": "0.28.0",
        "communication_protocol_version": "1.5.0",
        "pytorch_version": "1.7.1+cu110",
        "numpy_version": "1.21.6",
        "end_time_seconds": "1670173636"
    },
    "total": 50.667737800000005,
    "count": 1,
    "self": 0.012643300000007685,
    "children": {
        "run_training.setup": {
            "total": 0.14529250000000027,
            "count": 1,
            "self": 0.14529250000000027
        },
        "TrainerController.start_learning": {
            "total": 50.50980199999999,
            "count": 1,
            "self": 0.14037599999998207,
            "children": {
                "TrainerController._reset_env": {
                    "total": 10.8745747,
                    "count": 1,
                    "self": 10.8745747
                },
                "TrainerController.advance": {
                    "total": 39.25082600000002,
                    "count": 4533,
                    "self": 0.07057819999999992,
                    "children": {
                        "env_step": {
                            "total": 39.18024780000002,
                            "count": 4533,
                            "self": 20.753949299999945,
                            "children": {
                                "SubprocessEnvManager._take_step": {
                                    "total": 18.35742350000006,
                                    "count": 4533,
                                    "self": 0.3713694999996875,
                                    "children": {
                                        "TorchPolicy.evaluate": {
                                            "total": 17.986054000000372,
                                            "count": 4533,
                                            "self": 8.049015200000408,
                                            "children": {
                                                "TorchPolicy.sample_actions": {
                                                    "total": 9.937038799999964,
                                                    "count": 4533,
                                                    "self": 9.937038799999964
                                                }
                                            }
                                        }
                                    }
                                },
                                "workers": {
                                    "total": 0.0688750000000109,
                                    "count": 4532,
                                    "self": 0.0,
                                    "children": {
                                        "worker_root": {
                                            "total": 40.86193800000001,
                                            "count": 4532,
                                            "is_parallel": true,
                                            "self": 25.223203200000246,
                                            "children": {
                                                "steps_from_proto": {
                                                    "total": 0.0005991999999999109,
                                                    "count": 1,
                                                    "is_parallel": true,
                                                    "self": 0.0003413000000023203,
                                                    "children": {
                                                        "_process_rank_one_or_two_observation": {
                                                            "total": 0.0002578999999975906,
                                                            "count": 4,
                                                            "is_parallel": true,
                                                            "self": 0.0002578999999975906
                                                        }
                                                    }
                                                },
                                                "UnityEnvironment.step": {
                                                    "total": 15.638135599999764,
                                                    "count": 4532,
                                                    "is_parallel": true,
                                                    "self": 0.45370659999996477,
                                                    "children": {
                                                        "UnityEnvironment._generate_step_input": {
                                                            "total": 0.4071299999999187,
                                                            "count": 4532,
                                                            "is_parallel": true,