{
    "name": "root",
    "gauges": {
        "MoveToTarget.Policy.Entropy.mean": {
            "value": 1.2618913650512695,
            "min": 1.2617334127426147,
            "max": 1.262247085571289,
            "count": 10
        },
        "MoveToTarget.Policy.Entropy.sum": {
            "value": 1258.105712890625,
            "min": 1182.35009765625,
            "max": 1343.74609375,
            "count": 10
        },
        "MoveToTarget.Environment.EpisodeLength.mean": {
            "value": 31.161290322580644,
            "min": 29.193548387096776,
            "max": 39.03846153846154,
            "count": 10
        },
        "MoveToTarget.Environment.EpisodeLength.sum": {
            "value": 966.0,
            "min": 905.0,
            "max": 1031.0,
            "count": 10
        },
        "MoveToTarget.Step.mean": {
            "value": 9980.0,
            "min": 978.0,
            "max": 9980.0,
            "count": 10
        },
        "MoveToTarget.Step.sum": {
            "value": 9980.0,
            "min": 978.0,
            "max": 9980.0,
            "count": 10
        },
        "MoveToTarget.Policy.ExtrinsicValueEstimate.mean": {
            "value": 6.77935266494751,
            "min": 6.770447731018066,
            "max": 6.784837245941162,
            "count": 10
        },
        "MoveToTarget.Policy.ExtrinsicValueEstimate.sum": {
            "value": 210.15992736816406,
            "min": 169.6209259033203,
            "max": 223.4551544189453,
            "count": 10
        },
        "MoveToTarget.Policy.CuriosityValueEstimate.mean": {
            "value": 12.623273849487305,
            "min": 12.488962173461914,
            "max": 12.669231414794922,
            "count": 10
        },
        "MoveToTarget.Policy.CuriosityValueEstimate.sum": {
            "value": 391.3215026855469,
            "min": 316.73077392578125,
            "max": 415.1194152832031,
            "count": 10
        },
        "MoveToTarget.Environment.CumulativeReward.mean": {
            "value": -1.3212902815111223,
            "min": -1.384230714577895,
            "max": -1.2963636102098408,
            "count": 10
        },
        "MoveToTarget.Environment.CumulativeReward.sum": {
            "value": -40.95999872684479,
            "min": -43.529998779296875,
            "max": -34.50999879837036,
            "count": 10
        },
        "MoveToTarget.Policy.ExtrinsicReward.mean": {
            "value": -1.3212902815111223,
            "min": -1.384230714577895,
            "max": -1.2963636102098408,
            "count": 10
        },
        "MoveToTarget.Policy.ExtrinsicReward.sum": {
            "value": -40.95999872684479,
            "min": -43.529998779296875,
            "max": -34.50999879837036,
            "count": 10
        },
        "MoveToTarget.Policy.CuriosityReward.mean": {
            "value": 0.0,
            "min": 0.0,
            "max": 0.0,
            "count": 10
        },
        "MoveToTarget.Policy.CuriosityReward.sum": {
            "value": 0.0,
            "min": 0.0,
            "max": 0.0,
            "count": 10
        },
        "MoveToTarget.IsTraining.mean": {
            "value": 1.0,
            "min": 1.0,
            "max": 1.0,
            "count": 10
        },
        "MoveToTarget.IsTraining.sum": {
            "value": 1.0,
            "min": 1.0,
            "max": 1.0,
            "count": 10
        }
    },
    "metadata": {
        "timer_format_version": "0.1.0",
        "start_time_seconds": "1670453086",
        "python_version": "3.7.15 (default, Nov  9 2022, 10:44:37) [MSC v.1916 64 bit (AMD64)]",
        "command_line_arguments": "C:\\Users\\molna\\anaconda3\\envs\\unity\\Scripts\\mlagents-learn MoveToTarget.yaml --run-id=speedtesting15",
        "mlagents_version": "0.28.0",
        "mlagents_envs_version": "0.28.0",
        "communication_protocol_version": "1.5.0",
        "pytorch_version": "1.7.1+cu110",
        "numpy_version": "1.21.6",
        "end_time_seconds": "1670453180"
    },
    "total": 94.6970009,
    "count": 1,
    "self": 0.010585899999995263,
    "children": {
        "run_training.setup": {
            "total": 0.16125509999999998,
            "count": 1,
            "self": 0.16125509999999998
        },
        "TrainerController.start_learning": {
            "total": 94.5251599,
            "count": 1,
            "self": 1.3067525999997827,
            "children": {
                "TrainerController._reset_env": {
                    "total": 11.312515900000001,
                    "count": 1,
                    "self": 11.312515900000001
                },
                "TrainerController.advance": {
                    "total": 81.74784600000024,
                    "count": 10013,
                    "self": 0.16581290000003435,
                    "children": {
                        "env_step": {
                            "total": 81.5820331000002,
                            "count": 10013,
                            "self": 47.85556929999995,
                            "children": {
                                "SubprocessEnvManager._take_step": {
                                    "total": 33.56710990000005,
                                    "count": 10013,
                                    "self": 0.87241340000012,
                                    "children": {
                                        "TorchPolicy.evaluate": {
                                            "total": 32.69469649999993,
                                            "count": 10013,
                                            "self": 12.839883499999651,
                                            "children": {
                                                "TorchPolicy.sample_actions": {
                                                    "total": 19.854813000000277,
                                                    "count": 10013,
                                                    "self": 19.854813000000277
                                                }
                                            }
                                        }
                                    }
                                },
                                "workers": {
                                    "total": 0.15935390000020533,
                                    "count": 10012,
                                    "self": 0.0,
                                    "children": {
                                        "worker_root": {
                                            "total": 83.35439560000066,
                                            "count": 10012,
                                            "is_parallel": true,
                                            "self": 47.65210380000111,
                                            "children": {
                                                "steps_from_proto": {
                                                    "total": 0.0008290999999989168,
                                                    "count": 1,
                                                    "is_parallel": true,
                                                    "self": 0.00044209999999722527,
                                                    "children": {
                                                        "_process_rank_one_or_two_observation": {
                                                            "total": 0.00038700000000169155,
                                                            "count": 4,
                                                            "is_parallel": true,
                                                            "self": 0.00038700000000169155
                                                        }
                                                    }
                                                },