{
    "name": "root",
    "gauges": {
        "MoveToTarget.Policy.Entropy.mean": {
            "value": 1.3789761066436768,
            "min": 1.3473199605941772,
            "max": 1.3789761066436768,
            "count": 27
        },
        "MoveToTarget.Policy.Entropy.sum": {
            "value": 1407.9345703125,
            "min": 1082.1097412109375,
            "max": 1564.2149658203125,
            "count": 27
        },
        "MoveToTarget.Step.mean": {
            "value": 26857.0,
            "min": 764.0,
            "max": 26857.0,
            "count": 27
        },
        "MoveToTarget.Step.sum": {
            "value": 26857.0,
            "min": 764.0,
            "max": 26857.0,
            "count": 27
        },
        "MoveToTarget.Policy.ExtrinsicValueEstimate.mean": {
            "value": -0.2107153683900833,
            "min": -2.5579652786254883,
            "max": -0.13582181930541992,
            "count": 27
        },
        "MoveToTarget.Policy.ExtrinsicValueEstimate.sum": {
            "value": -0.8428614735603333,
            "min": -20.353187561035156,
            "max": -0.5432872772216797,
            "count": 27
        },
        "MoveToTarget.Environment.EpisodeLength.mean": {
            "value": 765.0,
            "min": 77.0,
            "max": 935.0,
            "count": 27
        },
        "MoveToTarget.Environment.EpisodeLength.sum": {
            "value": 765.0,
            "min": 154.0,
            "max": 1711.0,
            "count": 27
        },
        "MoveToTarget.Environment.CumulativeReward.mean": {
            "value": -11.409998893737793,
            "min": -15.749998807907104,
            "max": -2.022999846935272,
            "count": 27
        },
        "MoveToTarget.Environment.CumulativeReward.sum": {
            "value": -11.409998893737793,
            "min": -21.56999897956848,
            "max": -6.21999979019165,
            "count": 27
        },
        "MoveToTarget.Policy.ExtrinsicReward.mean": {
            "value": -11.409998893737793,
            "min": -15.749998807907104,
            "max": -2.022999846935272,
            "count": 27
        },
        "MoveToTarget.Policy.ExtrinsicReward.sum": {
            "value": -11.409998893737793,
            "min": -21.56999897956848,
            "max": -6.21999979019165,
            "count": 27
        },
        "MoveToTarget.IsTraining.mean": {
            "value": 1.0,
            "min": 1.0,
            "max": 1.0,
            "count": 27
        },
        "MoveToTarget.IsTraining.sum": {
            "value": 1.0,
            "min": 1.0,
            "max": 1.0,
            "count": 27
        },
        "MoveToTarget.Losses.PolicyLoss.mean": {
            "value": 0.034853382019750904,
            "min": 0.034853382019750904,
            "max": 0.04280515982393633,
            "count": 2
        },
        "MoveToTarget.Losses.PolicyLoss.sum": {
            "value": 0.034853382019750904,
            "min": 0.034853382019750904,
            "max": 0.04280515982393633,
            "count": 2
        },
        "MoveToTarget.Losses.ValueLoss.mean": {
            "value": 0.033731643633361445,
            "min": 0.033731643633361445,
            "max": 0.18959073224023246,
            "count": 2
        },
        "MoveToTarget.Losses.ValueLoss.sum": {
            "value": 0.033731643633361445,
            "min": 0.033731643633361445,
            "max": 0.18959073224023246,
            "count": 2
        },
        "MoveToTarget.Policy.LearningRate.mean": {
            "value": 9.979732020268001e-05,
            "min": 9.979732020268001e-05,
            "max": 9.989863010136999e-05,
            "count": 2
        },
        "MoveToTarget.Policy.LearningRate.sum": {
            "value": 9.979732020268001e-05,
            "min": 9.979732020268001e-05,
            "max": 9.989863010136999e-05,
            "count": 2
        },
        "MoveToTarget.Policy.Epsilon.mean": {
            "value": 0.19979732000000003,
            "min": 0.19979732000000003,
            "max": 0.19989863000000005,
            "count": 2
        },
        "MoveToTarget.Policy.Epsilon.sum": {
            "value": 0.19979732000000003,
            "min": 0.19979732000000003,
            "max": 0.19989863000000005,
            "count": 2
        },
        "MoveToTarget.Policy.Beta.mean": {
            "value": 0.000997993468,
            "min": 0.000997993468,
            "max": 0.000998996437,
            "count": 2
        },
        "MoveToTarget.Policy.Beta.sum": {
            "value": 0.000997993468,
            "min": 0.000997993468,
            "max": 0.000998996437,
            "count": 2
        }
    },
    "metadata": {
        "timer_format_version": "0.1.0",
        "start_time_seconds": "1670439770",
        "python_version": "3.7.15 (default, Nov  9 2022, 10:44:37) [MSC v.1916 64 bit (AMD64)]",
        "command_line_arguments": "C:\\Users\\molna\\anaconda3\\envs\\unity\\Scripts\\mlagents-learn MoveToTarget.yaml --run-id=streettagfix3",
        "mlagents_version": "0.28.0",
        "mlagents_envs_version": "0.28.0",
        "communication_protocol_version": "1.5.0",
        "pytorch_version": "1.7.1+cu110",
        "numpy_version": "1.21.6",
        "end_time_seconds": "1670439990"
    },
    "total": 219.77221310000002,
    "count": 1,
    "self": 0.009699800000021241,
    "children": {
        "run_training.setup": {
            "total": 0.14442280000000007,
            "count": 1,
            "self": 0.14442280000000007
        },
        "TrainerController.start_learning": {
            "total": 219.6180905,
            "count": 1,
            "self": 0.8274613000004081,
            "children": {
                "TrainerController._reset_env": {
                    "total": 10.0557144,
                    "count": 1,
                    "self": 10.0557144
                },
                "TrainerController.advance": {
                    "total": 208.59433149999958,
                    "count": 27667,
                    "self": 0.42809910000073614,
                    "children": {
                        "env_step": {
                            "total": 208.16623239999885,
                            "count": 27667,
                            "self": 118.06845229999698,
                            "children": {
                                "SubprocessEnvManager._take_step": {
                                    "total": 89.65800300000109,
                                    "count": 27667,
                                    "self": 2.2922709000013555,
                                    "children": {
                                        "TorchPolicy.evaluate": {
                                            "total": 87.36573209999973,
                                            "count": 27667,
                                            "self": 34.615461299997236,
                                            "children": {
                                                "TorchPolicy.sample_actions": {
                                                    "total": 52.7502708000025,
                                                    "count": 27667,
                                                    "self": 52.7502708000025
                                                }
                                            }
                                        }
                                    }
                                },
                                "workers": {
                                    "total": 0.4397771000007804,
                                    "count": 27666,
                                    "self": 0.0,
                                    "children": {
                                        "worker_root": {
                                            "total": 204.0040643000042,
                                            "count": 27666,