{
    "name": "root",
    "gauges": {
        "MoveToTarget.Policy.Entropy.mean": {
            "value": 1.0433231592178345,
            "min": 1.0433231592178345,
            "max": 1.0474200248718262,
            "count": 3
        },
        "MoveToTarget.Policy.Entropy.sum": {
            "value": 3038.156982421875,
            "min": 3038.156982421875,
            "max": 3319.310546875,
            "count": 3
        },
        "MoveToTarget.Environment.EpisodeLength.mean": {
            "value": 351.0,
            "min": 288.1818181818182,
            "max": 351.0,
            "count": 3
        },
        "MoveToTarget.Environment.EpisodeLength.sum": {
            "value": 3159.0,
            "min": 2668.0,
            "max": 3170.0,
            "count": 3
        },
        "MoveToTarget.Step.mean": {
            "value": 8918.0,
            "min": 2967.0,
            "max": 8918.0,
            "count": 3
        },
        "MoveToTarget.Step.sum": {
            "value": 8918.0,
            "min": 2967.0,
            "max": 8918.0,
            "count": 3
        },
        "MoveToTarget.Policy.ExtrinsicValueEstimate.mean": {
            "value": -5.064044952392578,
            "min": -5.173954010009766,
            "max": -4.996369361877441,
            "count": 3
        },
        "MoveToTarget.Policy.ExtrinsicValueEstimate.sum": {
            "value": -86.08876037597656,
            "min": -89.93464660644531,
            "max": -86.08876037597656,
            "count": 3
        },
        "MoveToTarget.Environment.CumulativeReward.mean": {
            "value": -4.506249830126762,
            "min": -4.506249830126762,
            "max": -3.966999852657318,
            "count": 3
        },
        "MoveToTarget.Environment.CumulativeReward.sum": {
            "value": -36.0499986410141,
            "min": -39.66999852657318,
            "max": -36.0499986410141,
            "count": 3
        },
        "MoveToTarget.Policy.ExtrinsicReward.mean": {
            "value": -4.506249830126762,
            "min": -4.506249830126762,
            "max": -3.966999852657318,
            "count": 3
        },
        "MoveToTarget.Policy.ExtrinsicReward.sum": {
            "value": -36.0499986410141,
            "min": -39.66999852657318,
            "max": -36.0499986410141,
            "count": 3
        },
        "MoveToTarget.IsTraining.mean": {
            "value": 1.0,
            "min": 1.0,
            "max": 1.0,
            "count": 3
        },
        "MoveToTarget.IsTraining.sum": {
            "value": 1.0,
            "min": 1.0,
            "max": 1.0,
            "count": 3
        }
    },
    "metadata": {
        "timer_format_version": "0.1.0",
        "start_time_seconds": "1670461599",
        "python_version": "3.7.15 (default, Nov  9 2022, 10:44:37) [MSC v.1916 64 bit (AMD64)]",
        "command_line_arguments": "C:\\Users\\molna\\anaconda3\\envs\\unity\\Scripts\\mlagents-learn MoveToTarget.yaml --run-id=elvmukszik8",
        "mlagents_version": "0.28.0",
        "mlagents_envs_version": "0.28.0",
        "communication_protocol_version": "1.5.0",
        "pytorch_version": "1.7.1+cu110",
        "numpy_version": "1.21.6",
        "end_time_seconds": "1670461708"
    },
    "total": 109.229776,
    "count": 1,
    "self": 0.028069400000006794,
    "children": {
        "run_training.setup": {
            "total": 0.17258660000000026,
            "count": 1,
            "self": 0.17258660000000026
        },
        "TrainerController.start_learning": {
            "total": 109.02911999999999,
            "count": 1,
            "self": 0.3717174000002501,
            "children": {
                "TrainerController._reset_env": {
                    "total": 12.8124062,
                    "count": 1,
                    "self": 12.8124062
                },
                "TrainerController.advance": {
                    "total": 95.56637809999975,
                    "count": 11383,
                    "self": 0.18954600000020605,
                    "children": {
                        "env_step": {
                            "total": 95.37683209999955,
                            "count": 11383,
                            "self": 55.11117880000008,
                            "children": {
                                "SubprocessEnvManager._take_step": {
                                    "total": 40.08051389999949,
                                    "count": 11383,
                                    "self": 1.02878329999983,
                                    "children": {
                                        "TorchPolicy.evaluate": {
                                            "total": 39.05173059999966,
                                            "count": 11383,
                                            "self": 15.641373799999482,
                                            "children": {
                                                "TorchPolicy.sample_actions": {
                                                    "total": 23.410356800000176,
                                                    "count": 11383,
                                                    "self": 23.410356800000176
                                                }
                                            }
                                        }
                                    }
                                },
                                "workers": {
                                    "total": 0.18513939999997753,
                                    "count": 11382,
                                    "self": 0.0,
                                    "children": {
                                        "worker_root": {
                                            "total": 97.26961320000001,
                                            "count": 11382,
                                            "is_parallel": true,
                                            "self": 56.83306559999992,
                                            "children": {
                                                "steps_from_proto": {
                                                    "total": 0.0006555999999999784,
                                                    "count": 1,
                                                    "is_parallel": true,
                                                    "self": 0.0003963000000020145,
                                                    "children": {
                                                        "_process_rank_one_or_two_observation": {
                                                            "total": 0.00025929999999796394,
                                                            "count": 4,
                                                            "is_parallel": true,
                                                            "self": 0.00025929999999796394
                                                        }
                                                    }
                                                },
                                                "UnityEnvironment.step": {
                                                    "total": 40.43589200000009,
                                                    "count": 11382,
                                                    "is_parallel": true,
                                                    "self": 1.2290917999997433,
                                                    "children": {
                                                        "UnityEnvironment._generate_step_input": {
                                                            "total": 1.0600549999997195,
                                                            "count": 11382,
                                                            "is_parallel": true,