{
    "name": "root",
    "metadata": {
        "timer_format_version": "0.1.0",
        "start_time_seconds": "1670172685",
        "python_version": "3.7.15 (default, Nov  9 2022, 10:44:37) [MSC v.1916 64 bit (AMD64)]",
        "command_line_arguments": "C:\\Users\\molna\\anaconda3\\envs\\unity\\Scripts\\mlagents-learn MoveToTarget.yaml --run-id=nemtommar2",
        "mlagents_version": "0.28.0",
        "mlagents_envs_version": "0.28.0",
        "communication_protocol_version": "1.5.0",
        "pytorch_version": "1.7.1+cu110",
        "numpy_version": "1.21.6",
        "end_time_seconds": "1670172716"
    },
    "total": 31.572660999999997,
    "count": 1,
    "self": 0.008256299999995775,
    "children": {
        "run_training.setup": {
            "total": 0.14607399999999982,
            "count": 1,
            "self": 0.14607399999999982
        },
        "TrainerController.start_learning": {
            "total": 31.418330700000002,
            "count": 1,
            "self": 0.06419099999993705,
            "children": {
                "TrainerController._reset_env": {
                    "total": 10.19811,
                    "count": 1,
                    "self": 10.19811
                },
                "TrainerController.advance": {
                    "total": 21.04105570000007,
                    "count": 1717,
                    "self": 0.025763999999927734,
                    "children": {
                        "env_step": {
                            "total": 21.01529170000014,
                            "count": 1717,
                            "self": 14.5312195000002,
                            "children": {
                                "SubprocessEnvManager._take_step": {
                                    "total": 6.45894020000001,
                                    "count": 1717,
                                    "self": 0.13989489999997495,
                                    "children": {
                                        "TorchPolicy.evaluate": {
                                            "total": 6.319045300000035,
                                            "count": 1717,
                                            "self": 2.640691200000095,
                                            "children": {
                                                "TorchPolicy.sample_actions": {
                                                    "total": 3.6783540999999396,
                                                    "count": 1717,
                                                    "self": 3.6783540999999396
                                                }
                                            }
                                        }
                                    }
                                },
                                "workers": {
                                    "total": 0.025131999999931764,
                                    "count": 1716,
                                    "self": 0.0,
                                    "children": {
                                        "worker_root": {
                                            "total": 16.93044610000003,
                                            "count": 1716,
                                            "is_parallel": true,
                                            "self": 10.081078199999931,
                                            "children": {
                                                "steps_from_proto": {
                                                    "total": 0.0006458000000009179,
                                                    "count": 1,
                                                    "is_parallel": true,
                                                    "self": 0.00036150000000034765,
                                                    "children": {
                                                        "_process_rank_one_or_two_observation": {
                                                            "total": 0.0002843000000005702,
                                                            "count": 4,
                                                            "is_parallel": true,
                                                            "self": 0.0002843000000005702
                                                        }
                                                    }
                                                },
                                                "UnityEnvironment.step": {
                                                    "total": 6.8487221000000975,
                                                    "count": 1716,
                                                    "is_parallel": true,
                                                    "self": 0.17547390000007113,
                                                    "children": {
                                                        "UnityEnvironment._generate_step_input": {
                                                            "total": 0.15233519999996759,
                                                            "count": 1716,
                                                            "is_parallel": true,
                                                            "self": 0.15233519999996759
                                                        },
                                                        "communicator.exchange": {
                                                            "total": 5.823767400000003,
                                                            "count": 1716,
                                                            "is_parallel": true,
                                                            "self": 5.823767400000003
                                                        },
                                                        "steps_from_proto": {
                                                            "total": 0.6971456000000558,
                                                            "count": 1716,
                                                            "is_parallel": true,
                                                            "self": 0.39972600000013614,
                                                            "children": {
                                                                "_process_rank_one_or_two_observation": {
                                                                    "total": 0.2974195999999196,
                                                                    "count": 6864,
                                                                    "is_parallel": true,
                                                                    "self": 0.2974195999999196
                                                                }
                                                            }
                                                        }
                                                    }
                                                }
                                            }
                                        }
                                    }
                                }
                            }
                        }
                    }
                },
                "trainer_threads": {
                    "total": 2.4400000000923683e-05,
                    "count": 1,
                    "self": 2.4400000000923683e-05,
                    "children": {
                        "thread_root": {
                            "total": 0.0,
                            "count": 0,
                            "is_parallel": true,
                            "self": 0.0,
                            "children": {
                                "trainer_advance": {
                                    "total": 21.075514800000054,