{
    "name": "root",
    "gauges": {
        "MoveToTarget.Policy.Entropy.mean": {
            "value": 1.2868202924728394,
            "min": 1.2868202924728394,
            "max": 1.348205804824829,
            "count": 8
        },
        "MoveToTarget.Policy.Entropy.sum": {
            "value": 2547.904296875,
            "min": 2539.873046875,
            "max": 2949.56787109375,
            "count": 8
        },
        "MoveToTarget.Environment.EpisodeLength.mean": {
            "value": 130.93333333333334,
            "min": 87.86363636363636,
            "max": 180.8181818181818,
            "count": 8
        },
        "MoveToTarget.Environment.EpisodeLength.sum": {
            "value": 1964.0,
            "min": 1918.0,
            "max": 2160.0,
            "count": 8
        },
        "MoveToTarget.Step.mean": {
            "value": 15913.0,
            "min": 1934.0,
            "max": 15913.0,
            "count": 8
        },
        "MoveToTarget.Step.sum": {
            "value": 15913.0,
            "min": 1934.0,
            "max": 15913.0,
            "count": 8
        },
        "MoveToTarget.Policy.ExtrinsicValueEstimate.mean": {
            "value": 0.21334369480609894,
            "min": 0.21334369480609894,
            "max": 2.1200196743011475,
            "count": 8
        },
        "MoveToTarget.Policy.ExtrinsicValueEstimate.sum": {
            "value": 4.266873836517334,
            "min": 4.266873836517334,
            "max": 46.64043426513672,
            "count": 8
        },
        "MoveToTarget.Environment.CumulativeReward.mean": {
            "value": -2.3839998960494997,
            "min": -2.818181709809737,
            "max": -2.0260868953621904,
            "count": 8
        },
        "MoveToTarget.Environment.CumulativeReward.sum": {
            "value": -35.75999844074249,
            "min": -46.59999859333038,
            "max": -27.839998960494995,
            "count": 8
        },
        "MoveToTarget.Policy.ExtrinsicReward.mean": {
            "value": -2.3839998960494997,
            "min": -2.818181709809737,
            "max": -2.0260868953621904,
            "count": 8
        },
        "MoveToTarget.Policy.ExtrinsicReward.sum": {
            "value": -35.75999844074249,
            "min": -46.59999859333038,
            "max": -27.839998960494995,
            "count": 8
        },
        "MoveToTarget.IsTraining.mean": {
            "value": 1.0,
            "min": 1.0,
            "max": 1.0,
            "count": 8
        },
        "MoveToTarget.IsTraining.sum": {
            "value": 1.0,
            "min": 1.0,
            "max": 1.0,
            "count": 8
        },
        "MoveToTarget.Losses.PolicyLoss.mean": {
            "value": 0.03988602191761688,
            "min": 0.03364728580539425,
            "max": 0.03988602191761688,
            "count": 3
        },
        "MoveToTarget.Losses.PolicyLoss.sum": {
            "value": 0.03988602191761688,
            "min": 0.03364728580539425,
            "max": 0.03988602191761688,
            "count": 3
        },
        "MoveToTarget.Losses.ValueLoss.mean": {
            "value": 0.040765445196518195,
            "min": 0.040765445196518195,
            "max": 0.39117810167372224,
            "count": 3
        },
        "MoveToTarget.Losses.ValueLoss.sum": {
            "value": 0.040765445196518195,
            "min": 0.040765445196518195,
            "max": 0.39117810167372224,
            "count": 3
        },
        "MoveToTarget.Policy.LearningRate.mean": {
            "value": 0.00029536980154339993,
            "min": 0.00029536980154339993,
            "max": 0.00029845860051379996,
            "count": 3
        },
        "MoveToTarget.Policy.LearningRate.sum": {
            "value": 0.00029536980154339993,
            "min": 0.00029536980154339993,
            "max": 0.00029845860051379996,
            "count": 3
        },
        "MoveToTarget.Policy.Epsilon.mean": {
            "value": 0.19845660000000004,
            "min": 0.19845660000000004,
            "max": 0.1994862,
            "count": 3
        },
        "MoveToTarget.Policy.Epsilon.sum": {
            "value": 0.19845660000000004,
            "min": 0.19845660000000004,
            "max": 0.1994862,
            "count": 3
        },
        "MoveToTarget.Policy.Beta.mean": {
            "value": 0.0049229843399999995,
            "min": 0.0049229843399999995,
            "max": 0.004974361380000001,
            "count": 3
        },
        "MoveToTarget.Policy.Beta.sum": {
            "value": 0.0049229843399999995,
            "min": 0.0049229843399999995,
            "max": 0.004974361380000001,
            "count": 3
        }
    },
    "metadata": {
        "timer_format_version": "0.1.0",
        "start_time_seconds": "1670160745",
        "python_version": "3.7.15 (default, Nov  9 2022, 10:44:37) [MSC v.1916 64 bit (AMD64)]",
        "command_line_arguments": "C:\\Users\\molna\\anaconda3\\envs\\unity\\Scripts\\mlagents-learn MoveToTarget.yaml --run-id=changedtoz2",
        "mlagents_version": "0.28.0",
        "mlagents_envs_version": "0.28.0",
        "communication_protocol_version": "1.5.0",
        "pytorch_version": "1.7.1+cu110",
        "numpy_version": "1.21.6",
        "end_time_seconds": "1670160899"
    },
    "total": 154.1737501,
    "count": 1,
    "self": 0.010287299999987454,
    "children": {
        "run_training.setup": {
            "total": 0.1460756999999997,
            "count": 1,
            "self": 0.1460756999999997
        },
        "TrainerController.start_learning": {
            "total": 154.0173871,
            "count": 1,
            "self": 0.4928951999998219,
            "children": {
                "TrainerController._reset_env": {
                    "total": 20.307440800000002,
                    "count": 1,
                    "self": 20.307440800000002
                },
                "TrainerController.advance": {
                    "total": 132.9929788000002,
                    "count": 16153,
                    "self": 0.25995579999954543,
                    "children": {
                        "env_step": {
                            "total": 132.73302300000066,
                            "count": 16153,
                            "self": 71.60706320000128,
                            "children": {
                                "SubprocessEnvManager._take_step": {
                                    "total": 60.87619899999996,
                                    "count": 16153,
                                    "self": 1.288557099999295,
                                    "children": {
                                        "TorchPolicy.evaluate": {
                                            "total": 59.58764190000066,
                                            "count": 16153,
                                            "self": 25.979766199999702,
                                            "children": {
                                                "TorchPolicy.sample_actions": {
                                                    "total": 33.60787570000096,
                                                    "count": 16153,
                                                    "self": 33.60787570000096
                                                }
                                            }
                                        }
                                    }
                                },
                                "workers": {
                                    "total": 0.24976079999942158,
                                    "count": 16152,
                                    "self": 0.0,
                                    "children": {
                                        "worker_root": {
                                            "total": 134.58663599999943,
                                            "count": 16152,