{
    "name": "root",
    "gauges": {
        "MoveToTarget.Policy.Entropy.mean": {
            "value": 1.0388299226760864,
            "min": 1.0361676216125488,
            "max": 1.0388299226760864,
            "count": 2
        },
        "MoveToTarget.Policy.Entropy.sum": {
            "value": 1051.2958984375,
            "min": 1046.529296875,
            "max": 1051.2958984375,
            "count": 2
        },
        "MoveToTarget.Environment.EpisodeLength.mean": {
            "value": 17.381818181818183,
            "min": 17.381818181818183,
            "max": 18.80392156862745,
            "count": 2
        },
        "MoveToTarget.Environment.EpisodeLength.sum": {
            "value": 956.0,
            "min": 956.0,
            "max": 959.0,
            "count": 2
        },
        "MoveToTarget.Step.mean": {
            "value": 1977.0,
            "min": 985.0,
            "max": 1977.0,
            "count": 2
        },
        "MoveToTarget.Step.sum": {
            "value": 1977.0,
            "min": 985.0,
            "max": 1977.0,
            "count": 2
        },
        "MoveToTarget.Policy.ExtrinsicValueEstimate.mean": {
            "value": 20.01803970336914,
            "min": 19.92864990234375,
            "max": 20.01803970336914,
            "count": 2
        },
        "MoveToTarget.Policy.ExtrinsicValueEstimate.sum": {
            "value": 1100.9921875,
            "min": 996.4324951171875,
            "max": 1100.9921875,
            "count": 2
        },
        "MoveToTarget.Environment.CumulativeReward.mean": {
            "value": -1.1803636182438244,
            "min": -1.1969999837875367,
            "max": -1.1803636182438244,
            "count": 2
        },
        "MoveToTarget.Environment.CumulativeReward.sum": {
            "value": -64.91999900341034,
            "min": -64.91999900341034,
            "max": -59.84999918937683,
            "count": 2
        },
        "MoveToTarget.Policy.ExtrinsicReward.mean": {
            "value": -1.1803636182438244,
            "min": -1.1969999837875367,
            "max": -1.1803636182438244,
            "count": 2
        },
        "MoveToTarget.Policy.ExtrinsicReward.sum": {
            "value": -64.91999900341034,
            "min": -64.91999900341034,
            "max": -59.84999918937683,
            "count": 2
        },
        "MoveToTarget.IsTraining.mean": {
            "value": 1.0,
            "min": 1.0,
            "max": 1.0,
            "count": 2
        },
        "MoveToTarget.IsTraining.sum": {
            "value": 1.0,
            "min": 1.0,
            "max": 1.0,
            "count": 2
        }
    },
    "metadata": {
        "timer_format_version": "0.1.0",
        "start_time_seconds": "1670451080",
        "python_version": "3.7.15 (default, Nov  9 2022, 10:44:37) [MSC v.1916 64 bit (AMD64)]",
        "command_line_arguments": "C:\\Users\\molna\\anaconda3\\envs\\unity\\Scripts\\mlagents-learn MoveToTarget.yaml --run-id=speedup1",
        "mlagents_version": "0.28.0",
        "mlagents_envs_version": "0.28.0",
        "communication_protocol_version": "1.5.0",
        "pytorch_version": "1.7.1+cu110",
        "numpy_version": "1.21.6",
        "end_time_seconds": "1670451110"
    },
    "total": 30.057277000000003,
    "count": 1,
    "self": 0.009688499999999323,
    "children": {
        "run_training.setup": {
            "total": 0.16350989999999976,
            "count": 1,
            "self": 0.16350989999999976
        },
        "TrainerController.start_learning": {
            "total": 29.884078600000002,
            "count": 1,
            "self": 0.08621519999995542,
            "children": {
                "TrainerController._reset_env": {
                    "total": 10.3935319,
                    "count": 1,
                    "self": 10.3935319
                },
                "TrainerController.advance": {
                    "total": 19.031351200000042,
                    "count": 2254,
                    "self": 0.03656440000006711,
                    "children": {
                        "env_step": {
                            "total": 18.994786799999975,
                            "count": 2254,
                            "self": 11.380574199999845,
                            "children": {
                                "SubprocessEnvManager._take_step": {
                                    "total": 7.579371200000047,
                                    "count": 2254,
                                    "self": 0.1927427000001103,
                                    "children": {
                                        "TorchPolicy.evaluate": {
                                            "total": 7.3866284999999365,
                                            "count": 2254,
                                            "self": 2.822261799999925,
                                            "children": {
                                                "TorchPolicy.sample_actions": {
                                                    "total": 4.564366700000011,
                                                    "count": 2254,
                                                    "self": 4.564366700000011
                                                }
                                            }
                                        }
                                    }
                                },
                                "workers": {
                                    "total": 0.034841400000082956,
                                    "count": 2253,
                                    "self": 0.0,
                                    "children": {
                                        "worker_root": {
                                            "total": 20.772492100000047,
                                            "count": 2253,
                                            "is_parallel": true,
                                            "self": 12.06046560000018,
                                            "children": {
                                                "steps_from_proto": {
                                                    "total": 0.0004999999999988347,
                                                    "count": 1,
                                                    "is_parallel": true,
                                                    "self": 0.0002856999999973908,
                                                    "children": {
                                                        "_process_rank_one_or_two_observation": {
                                                            "total": 0.0002143000000014439,
                                                            "count": 4,
                                                            "is_parallel": true,
                                                            "self": 0.0002143000000014439
                                                        }
                                                    }
                                                },
                                                "UnityEnvironment.step": {
                                                    "total": 8.711526499999868,
                                                    "count": 2253,
                                                    "is_parallel": true,
                                                    "self": 0.23585159999973726,
                                                    "children": {
                                                        "UnityEnvironment._generate_step_input": {
                                                            "total": 0.2075041999999705,
                                                            "count": 2253,
                                                            "is_parallel": true,