{
    "name": "root",
    "gauges": {
        "MoveToTarget.Policy.Entropy.mean": {
            "value": 1.386285424232483,
            "min": 1.386285424232483,
            "max": 1.386285424232483,
            "count": 1
        },
        "MoveToTarget.Policy.Entropy.sum": {
            "value": 6938.3583984375,
            "min": 6938.3583984375,
            "max": 6938.3583984375,
            "count": 1
        },
        "MoveToTarget.Step.mean": {
            "value": 4973.0,
            "min": 4973.0,
            "max": 4973.0,
            "count": 1
        },
        "MoveToTarget.Step.sum": {
            "value": 4973.0,
            "min": 4973.0,
            "max": 4973.0,
            "count": 1
        },
        "MoveToTarget.Policy.ExtrinsicValueEstimate.mean": {
            "value": 0.013008586131036282,
            "min": 0.013008586131036282,
            "max": 0.013008586131036282,
            "count": 1
        },
        "MoveToTarget.Policy.ExtrinsicValueEstimate.sum": {
            "value": 2.1203994750976562,
            "min": 2.1203994750976562,
            "max": 2.1203994750976562,
            "count": 1
        },
        "MoveToTarget.Environment.EpisodeLength.mean": {
            "value": 326.26666666666665,
            "min": 326.26666666666665,
            "max": 326.26666666666665,
            "count": 1
        },
        "MoveToTarget.Environment.EpisodeLength.sum": {
            "value": 4894.0,
            "min": 4894.0,
            "max": 4894.0,
            "count": 1
        },
        "MoveToTarget.Environment.CumulativeReward.mean": {
            "value": -9.678666208187739,
            "min": -9.678666208187739,
            "max": -9.678666208187739,
            "count": 1
        },
        "MoveToTarget.Environment.CumulativeReward.sum": {
            "value": -145.1799931228161,
            "min": -145.1799931228161,
            "max": -145.1799931228161,
            "count": 1
        },
        "MoveToTarget.Policy.ExtrinsicReward.mean": {
            "value": -9.678666208187739,
            "min": -9.678666208187739,
            "max": -9.678666208187739,
            "count": 1
        },
        "MoveToTarget.Policy.ExtrinsicReward.sum": {
            "value": -145.1799931228161,
            "min": -145.1799931228161,
            "max": -145.1799931228161,
            "count": 1
        },
        "MoveToTarget.IsTraining.mean": {
            "value": 1.0,
            "min": 1.0,
            "max": 1.0,
            "count": 1
        },
        "MoveToTarget.IsTraining.sum": {
            "value": 1.0,
            "min": 1.0,
            "max": 1.0,
            "count": 1
        }
    },
    "metadata": {
        "timer_format_version": "0.1.0",
        "start_time_seconds": "1670442582",
        "python_version": "3.7.15 (default, Nov  9 2022, 10:44:37) [MSC v.1916 64 bit (AMD64)]",
        "command_line_arguments": "C:\\Users\\molna\\anaconda3\\envs\\unity\\Scripts\\mlagents-learn MoveToTarget.yaml --run-id=mukodj3",
        "mlagents_version": "0.28.0",
        "mlagents_envs_version": "0.28.0",
        "communication_protocol_version": "1.5.0",
        "pytorch_version": "1.7.1+cu110",
        "numpy_version": "1.21.6",
        "end_time_seconds": "1670442631"
    },
    "total": 48.627829299999995,
    "count": 1,
    "self": 0.009919999999993934,
    "children": {
        "run_training.setup": {
            "total": 0.14934480000000017,
            "count": 1,
            "self": 0.14934480000000017
        },
        "TrainerController.start_learning": {
            "total": 48.4685645,
            "count": 1,
            "self": 0.19950629999991776,
            "children": {
                "TrainerController._reset_env": {
                    "total": 9.3065105,
                    "count": 1,
                    "self": 9.3065105
                },
                "TrainerController.advance": {
                    "total": 38.83614640000008,
                    "count": 6862,
                    "self": 0.10164270000020537,
                    "children": {
                        "env_step": {
                            "total": 38.73450369999988,
                            "count": 6862,
                            "self": 27.927691399999667,
                            "children": {
                                "SubprocessEnvManager._take_step": {
                                    "total": 10.699893200000176,
                                    "count": 6862,
                                    "self": 0.45457560000007646,
                                    "children": {
                                        "TorchPolicy.evaluate": {
                                            "total": 10.2453176000001,
                                            "count": 6862,
                                            "self": 2.3162156000000227,
                                            "children": {
                                                "TorchPolicy.sample_actions": {
                                                    "total": 7.929102000000077,
                                                    "count": 6862,
                                                    "self": 7.929102000000077
                                                }
                                            }
                                        }
                                    }
                                },
                                "workers": {
                                    "total": 0.10691910000003446,
                                    "count": 6861,
                                    "self": 0.0,
                                    "children": {
                                        "worker_root": {
                                            "total": 38.833229899999836,
                                            "count": 6861,
                                            "is_parallel": true,
                                            "self": 18.633379400000006,
                                            "children": {
                                                "steps_from_proto": {
                                                    "total": 0.0007969000000009885,
                                                    "count": 1,
                                                    "is_parallel": true,
                                                    "self": 0.0004438000000011044,
                                                    "children": {
                                                        "_process_rank_one_or_two_observation": {
                                                            "total": 0.00035309999999988406,
                                                            "count": 4,
                                                            "is_parallel": true,
                                                            "self": 0.00035309999999988406
                                                        }
                                                    }
                                                },
                                                "UnityEnvironment.step": {
                                                    "total": 20.19905359999983,
                                                    "count": 6861,
                                                    "is_parallel": true,
                                                    "self": 0.7321826999994698,
                                                    "children": {
                                                        "UnityEnvironment._generate_step_input": {
                                                            "total": 0.6223448999999732,
                                                            "count": 6861,
                                                            "is_parallel": true,