{
    "name": "root",
    "metadata": {
        "timer_format_version": "0.1.0",
        "start_time_seconds": "1670439012",
        "python_version": "3.7.15 (default, Nov  9 2022, 10:44:37) [MSC v.1916 64 bit (AMD64)]",
        "command_line_arguments": "C:\\Users\\molna\\anaconda3\\envs\\unity\\Scripts\\mlagents-learn MoveToTarget.yaml --run-id=restored7",
        "mlagents_version": "0.28.0",
        "mlagents_envs_version": "0.28.0",
        "communication_protocol_version": "1.5.0",
        "pytorch_version": "1.7.1+cu110",
        "numpy_version": "1.21.6",
        "end_time_seconds": "1670439035"
    },
    "total": 22.8282536,
    "count": 1,
    "self": 0.009876899999998301,
    "children": {
        "run_training.setup": {
            "total": 0.15324320000000036,
            "count": 1,
            "self": 0.15324320000000036
        },
        "TrainerController.start_learning": {
            "total": 22.6651335,
            "count": 1,
            "self": 0.04660329999995838,
            "children": {
                "TrainerController._reset_env": {
                    "total": 13.526745799999999,
                    "count": 1,
                    "self": 13.526745799999999
                },
                "TrainerController.advance": {
                    "total": 8.95404350000004,
                    "count": 1062,
                    "self": 0.016953099999966526,
                    "children": {
                        "env_step": {
                            "total": 8.937090400000073,
                            "count": 1062,
                            "self": 5.226368400000229,
                            "children": {
                                "SubprocessEnvManager._take_step": {
                                    "total": 3.694487099999961,
                                    "count": 1062,
                                    "self": 0.08892779999997558,
                                    "children": {
                                        "TorchPolicy.evaluate": {
                                            "total": 3.6055592999999853,
                                            "count": 1062,
                                            "self": 1.285727099999999,
                                            "children": {
                                                "TorchPolicy.sample_actions": {
                                                    "total": 2.3198321999999862,
                                                    "count": 1062,
                                                    "self": 2.3198321999999862
                                                }
                                            }
                                        }
                                    }
                                },
                                "workers": {
                                    "total": 0.016234899999883368,
                                    "count": 1061,
                                    "self": 0.0,
                                    "children": {
                                        "worker_root": {
                                            "total": 10.561337400000008,
                                            "count": 1061,
                                            "is_parallel": true,
                                            "self": 6.558438500000063,
                                            "children": {
                                                "steps_from_proto": {
                                                    "total": 0.0006323000000012513,
                                                    "count": 1,
                                                    "is_parallel": true,
                                                    "self": 0.00036490000000100054,
                                                    "children": {
                                                        "_process_rank_one_or_two_observation": {
                                                            "total": 0.00026740000000025077,
                                                            "count": 4,
                                                            "is_parallel": true,
                                                            "self": 0.00026740000000025077
                                                        }
                                                    }
                                                },
                                                "UnityEnvironment.step": {
                                                    "total": 4.002266599999944,
                                                    "count": 1061,
                                                    "is_parallel": true,
                                                    "self": 0.10923059999995921,
                                                    "children": {
                                                        "UnityEnvironment._generate_step_input": {
                                                            "total": 0.0952396999999987,
                                                            "count": 1061,
                                                            "is_parallel": true,
                                                            "self": 0.0952396999999987
                                                        },
                                                        "communicator.exchange": {
                                                            "total": 3.367450800000002,
                                                            "count": 1061,
                                                            "is_parallel": true,
                                                            "self": 3.367450800000002
                                                        },
                                                        "steps_from_proto": {
                                                            "total": 0.4303454999999836,
                                                            "count": 1061,
                                                            "is_parallel": true,
                                                            "self": 0.24685490000006283,
                                                            "children": {
                                                                "_process_rank_one_or_two_observation": {
                                                                    "total": 0.1834905999999208,
                                                                    "count": 4244,
                                                                    "is_parallel": true,
                                                                    "self": 0.1834905999999208
                                                                }
                                                            }
                                                        }
                                                    }
                                                }
                                            }
                                        }
                                    }
                                }
                            }
                        }
                    }
                },
                "trainer_threads": {
                    "total": 2.569999999835204e-05,
                    "count": 1,
                    "self": 2.569999999835204e-05,
                    "children": {
                        "thread_root": {
                            "total": 0.0,
                            "count": 0,
                            "is_parallel": true,
                            "self": 0.0,
                            "children": {
                                "trainer_advance": {
                                    "total": 8.983627299999997,