{
    "name": "root",
    "gauges": {
        "MoveToTarget.Policy.Entropy.mean": {
            "value": 1.2136818170547485,
            "min": 1.2136818170547485,
            "max": 1.2643405199050903,
            "count": 31
        },
        "MoveToTarget.Policy.Entropy.sum": {
            "value": 3472.34375,
            "min": 3472.34375,
            "max": 4015.567138671875,
            "count": 31
        },
        "MoveToTarget.Step.mean": {
            "value": 92845.0,
            "min": 2821.0,
            "max": 92845.0,
            "count": 31
        },
        "MoveToTarget.Step.sum": {
            "value": 92845.0,
            "min": 2821.0,
            "max": 92845.0,
            "count": 31
        },
        "MoveToTarget.Policy.ExtrinsicValueEstimate.mean": {
            "value": -0.09946157038211823,
            "min": -3.168992042541504,
            "max": -0.033592548221349716,
            "count": 31
        },
        "MoveToTarget.Policy.ExtrinsicValueEstimate.sum": {
            "value": -1.2930004596710205,
            "min": -47.534881591796875,
            "max": -0.47029566764831543,
            "count": 31
        },
        "MoveToTarget.Environment.EpisodeLength.mean": {
            "value": 650.25,
            "min": 499.8333333333333,
            "max": 793.25,
            "count": 31
        },
        "MoveToTarget.Environment.EpisodeLength.sum": {
            "value": 2601.0,
            "min": 2328.0,
            "max": 3654.0,
            "count": 31
        },
        "MoveToTarget.Environment.CumulativeReward.mean": {
            "value": -7.012499749660492,
            "min": -7.73749965429306,
            "max": -3.758333057165146,
            "count": 31
        },
        "MoveToTarget.Environment.CumulativeReward.sum": {
            "value": -28.049998998641968,
            "min": -36.759997844696045,
            "max": -19.109998762607574,
            "count": 31
        },
        "MoveToTarget.Policy.ExtrinsicReward.mean": {
            "value": -7.012499749660492,
            "min": -7.73749965429306,
            "max": -3.758333057165146,
            "count": 31
        },
        "MoveToTarget.Policy.ExtrinsicReward.sum": {
            "value": -28.049998998641968,
            "min": -36.759997844696045,
            "max": -19.109998762607574,
            "count": 31
        },
        "MoveToTarget.IsTraining.mean": {
            "value": 1.0,
            "min": 1.0,
            "max": 1.0,
            "count": 31
        },
        "MoveToTarget.IsTraining.sum": {
            "value": 1.0,
            "min": 1.0,
            "max": 1.0,
            "count": 31
        },
        "MoveToTarget.Losses.PolicyLoss.mean": {
            "value": 0.032610513866274504,
            "min": 0.029416846944705435,
            "max": 0.035803198242527354,
            "count": 9
        },
        "MoveToTarget.Losses.PolicyLoss.sum": {
            "value": 0.032610513866274504,
            "min": 0.029416846944705435,
            "max": 0.035803198242527354,
            "count": 9
        },
        "MoveToTarget.Losses.ValueLoss.mean": {
            "value": 0.012941868910402582,
            "min": 0.011953296784001092,
            "max": 0.5375835729534166,
            "count": 9
        },
        "MoveToTarget.Losses.ValueLoss.sum": {
            "value": 0.012941868910402582,
            "min": 0.011953296784001092,
            "max": 0.5375835729534166,
            "count": 9
        },
        "MoveToTarget.Policy.LearningRate.mean": {
            "value": 8.1768582316e-06,
            "min": 8.1768582316e-06,
            "max": 9.799022009800003e-06,
            "count": 9
        },
        "MoveToTarget.Policy.LearningRate.sum": {
            "value": 8.1768582316e-06,
            "min": 8.1768582316e-06,
            "max": 9.799022009800003e-06,
            "count": 9
        },
        "MoveToTarget.Policy.Epsilon.mean": {
            "value": 0.09999999999999999,
            "min": 0.09999999999999996,
            "max": 0.09999999999999999,
            "count": 9
        },
        "MoveToTarget.Policy.Epsilon.sum": {
            "value": 0.09999999999999999,
            "min": 0.09999999999999996,
            "max": 0.09999999999999999,
            "count": 9
        },
        "MoveToTarget.Policy.Beta.mean": {
            "value": 0.0008195071600000001,
            "min": 0.0008195071600000001,
            "max": 0.0009801029799999998,
            "count": 9
        },
        "MoveToTarget.Policy.Beta.sum": {
            "value": 0.0008195071600000001,
            "min": 0.0008195071600000001,
            "max": 0.0009801029799999998,
            "count": 9
        }
    },
    "metadata": {
        "timer_format_version": "0.1.0",
        "start_time_seconds": "1670460618",
        "python_version": "3.7.15 (default, Nov  9 2022, 10:44:37) [MSC v.1916 64 bit (AMD64)]",
        "command_line_arguments": "C:\\Users\\molna\\anaconda3\\envs\\unity\\Scripts\\mlagents-learn MoveToTarget.yaml --run-id=elvmukszik7",
        "mlagents_version": "0.28.0",
        "mlagents_envs_version": "0.28.0",
        "communication_protocol_version": "1.5.0",
        "pytorch_version": "1.7.1+cu110",
        "numpy_version": "1.21.6",
        "end_time_seconds": "1670461468"
    },
    "total": 850.1412573,
    "count": 1,
    "self": 0.010782899999981055,
    "children": {
        "run_training.setup": {
            "total": 0.17461789999999988,
            "count": 1,
            "self": 0.17461789999999988
        },
        "TrainerController.start_learning": {
            "total": 849.9558565,
            "count": 1,
            "self": 3.161004199999752,
            "children": {
                "TrainerController._reset_env": {
                    "total": 23.5035197,
                    "count": 1,
                    "self": 23.5035197
                },
                "TrainerController.advance": {
                    "total": 823.0721766000003,
                    "count": 93237,
                    "self": 1.621930599993675,
                    "children": {
                        "env_step": {
                            "total": 821.4502460000066,
                            "count": 93237,
                            "self": 469.58906960001235,
                            "children": {
                                "SubprocessEnvManager._take_step": {
                                    "total": 350.25272859998927,
                                    "count": 93237,
                                    "self": 8.80761909998057,
                                    "children": {
                                        "TorchPolicy.evaluate": {
                                            "total": 341.4451095000087,
                                            "count": 93237,
                                            "self": 138.091056500028,
                                            "children": {
                                                "TorchPolicy.sample_actions": {
                                                    "total": 203.3540529999807,
                                                    "count": 93237,
                                                    "self": 203.3540529999807
                                                }
                                            }
                                        }
                                    }
                                },
                                "workers": {
                                    "total": 1.6084478000049458,
                                    "count": 93236,
                                    "self": 0.0,
                                    "children": {
                                        "worker_root": {
                                            "total": 824.9401730000038,
                                            "count": 93236,