{
    "name": "root",
    "gauges": {
        "MoveToTarget.Policy.Entropy.mean": {
            "value": 1.207544207572937,
            "min": 1.207544207572937,
            "max": 1.2122136354446411,
            "count": 4
        },
        "MoveToTarget.Policy.Entropy.sum": {
            "value": 1395.921142578125,
            "min": 1091.541259765625,
            "max": 1401.3189697265625,
            "count": 4
        },
        "MoveToTarget.Step.mean": {
            "value": 3900.0,
            "min": 900.0,
            "max": 3900.0,
            "count": 4
        },
        "MoveToTarget.Step.sum": {
            "value": 3900.0,
            "min": 900.0,
            "max": 3900.0,
            "count": 4
        },
        "MoveToTarget.Policy.ExtrinsicValueEstimate.mean": {
            "value": 19.511728286743164,
            "min": 19.1832332611084,
            "max": 19.523313522338867,
            "count": 4
        },
        "MoveToTarget.Policy.ExtrinsicValueEstimate.sum": {
            "value": 136.58209228515625,
            "min": 115.09939575195312,
            "max": 136.58209228515625,
            "count": 4
        },
        "MoveToTarget.Environment.EpisodeLength.mean": {
            "value": 299.0,
            "min": 299.0,
            "max": 299.0,
            "count": 4
        },
        "MoveToTarget.Environment.EpisodeLength.sum": {
            "value": 897.0,
            "min": 897.0,
            "max": 1196.0,
            "count": 4
        },
        "MoveToTarget.Environment.CumulativeReward.mean": {
            "value": -3.474999874830246,
            "min": -3.474999874830246,
            "max": -3.2333333094914756,
            "count": 4
        },
        "MoveToTarget.Environment.CumulativeReward.sum": {
            "value": -13.899999499320984,
            "min": -13.899999499320984,
            "max": -9.699999928474426,
            "count": 4
        },
        "MoveToTarget.Policy.ExtrinsicReward.mean": {
            "value": -3.474999874830246,
            "min": -3.474999874830246,
            "max": -3.2333333094914756,
            "count": 4
        },
        "MoveToTarget.Policy.ExtrinsicReward.sum": {
            "value": -13.899999499320984,
            "min": -13.899999499320984,
            "max": -9.699999928474426,
            "count": 4
        },
        "MoveToTarget.IsTraining.mean": {
            "value": 1.0,
            "min": 1.0,
            "max": 1.0,
            "count": 4
        },
        "MoveToTarget.IsTraining.sum": {
            "value": 1.0,
            "min": 1.0,
            "max": 1.0,
            "count": 4
        }
    },
    "metadata": {
        "timer_format_version": "0.1.0",
        "start_time_seconds": "1670451974",
        "python_version": "3.7.15 (default, Nov  9 2022, 10:44:37) [MSC v.1916 64 bit (AMD64)]",
        "command_line_arguments": "C:\\Users\\molna\\anaconda3\\envs\\unity\\Scripts\\mlagents-learn MoveToTarget.yaml --run-id=speedtesting6",
        "mlagents_version": "0.28.0",
        "mlagents_envs_version": "0.28.0",
        "communication_protocol_version": "1.5.0",
        "pytorch_version": "1.7.1+cu110",
        "numpy_version": "1.21.6",
        "end_time_seconds": "1670452037"
    },
    "total": 63.200988900000006,
    "count": 1,
    "self": 0.01365450000000834,
    "children": {
        "run_training.setup": {
            "total": 0.22193879999999977,
            "count": 1,
            "self": 0.22193879999999977
        },
        "TrainerController.start_learning": {
            "total": 62.9653956,
            "count": 1,
            "self": 0.19343940000006654,
            "children": {
                "TrainerController._reset_env": {
                    "total": 13.1423758,
                    "count": 1,
                    "self": 13.1423758
                },
                "TrainerController.advance": {
                    "total": 49.26716439999994,
                    "count": 4339,
                    "self": 0.07835139999981777,
                    "children": {
                        "env_step": {
                            "total": 49.188813000000124,
                            "count": 4339,
                            "self": 30.68534260000019,
                            "children": {
                                "SubprocessEnvManager._take_step": {
                                    "total": 18.426369200000234,
                                    "count": 4339,
                                    "self": 0.4605317000000788,
                                    "children": {
                                        "TorchPolicy.evaluate": {
                                            "total": 17.965837500000156,
                                            "count": 4339,
                                            "self": 7.213568700000508,
                                            "children": {
                                                "TorchPolicy.sample_actions": {
                                                    "total": 10.752268799999648,
                                                    "count": 4339,
                                                    "self": 10.752268799999648
                                                }
                                            }
                                        }
                                    }
                                },
                                "workers": {
                                    "total": 0.07710119999969933,
                                    "count": 4339,
                                    "self": 0.0,
                                    "children": {
                                        "worker_root": {
                                            "total": 51.08027540000023,
                                            "count": 4339,
                                            "is_parallel": true,
                                            "self": 27.251044500000077,
                                            "children": {
                                                "steps_from_proto": {
                                                    "total": 0.000678699999999921,
                                                    "count": 1,
                                                    "is_parallel": true,
                                                    "self": 0.00039920000000037703,
                                                    "children": {
                                                        "_process_rank_one_or_two_observation": {
                                                            "total": 0.000279499999999544,
                                                            "count": 4,
                                                            "is_parallel": true,
                                                            "self": 0.000279499999999544
                                                        }
                                                    }
                                                },
                                                "UnityEnvironment.step": {
                                                    "total": 23.828552200000154,
                                                    "count": 4339,
                                                    "is_parallel": true,
                                                    "self": 0.4913412999997746,
                                                    "children": {
                                                        "UnityEnvironment._generate_step_input": {
                                                            "total": 0.42363160000041944,
                                                            "count": 4339,
                                                            "is_parallel": true,